system,topic,score
10x10.prf.unipd.it,1,0.0987
10x10.prf.unipd.it,2,0.1253
10x10.prf.unipd.it,3,0.2891
10x10.prf.unipd.it,4,0.0966
10x10.prf.unipd.it,5,0.8939
10x10.prf.unipd.it,6,0.7273
10x10.prf.unipd.it,7,0.6877
10x10.prf.unipd.it,8,0.2615
10x10.prf.unipd.it,9,0.5157
10x10.prf.unipd.it,10,0.9999
10x10.prf.unipd.it,11,0.2842
10x10.prf.unipd.it,12,0.9988
10x10.prf.unipd.it,13,0.9395
10x10.prf.unipd.it,14,0.9864
10x10.prf.unipd.it,15,0
10x10.prf.unipd.it,16,0.8334
10x10.prf.unipd.it,17,0.4972
10x10.prf.unipd.it,18,0.3018
10x10.prf.unipd.it,19,0.25
10x10.prf.unipd.it,20,0.0391
10x10.prf.unipd.it,21,0.6835
10x10.prf.unipd.it,22,0.9972
10x10.prf.unipd.it,23,0.9229
10x10.prf.unipd.it,24,0.956
10x10.prf.unipd.it,25,0.0967
10x10.prf.unipd.it,26,0.1255
10x10.prf.unipd.it,27,0.9932
10x10.prf.unipd.it,28,0.8747
10x10.prf.unipd.it,29,0.4884
10x10.prf.unipd.it,30,0.97
10x20.prf.unipd.it,1,0.1407
10x20.prf.unipd.it,2,0.1642
10x20.prf.unipd.it,3,0.1026
10x20.prf.unipd.it,4,0.7618
10x20.prf.unipd.it,5,0.9845
10x20.prf.unipd.it,6,0.9929
10x20.prf.unipd.it,7,0.9616
10x20.prf.unipd.it,8,0.3672
10x20.prf.unipd.it,9,0.7656
10x20.prf.unipd.it,10,0.9956
10x20.prf.unipd.it,11,0.8594
10x20.prf.unipd.it,12,0.999
10x20.prf.unipd.it,13,0.9321
10x20.prf.unipd.it,14,0.9266
10x20.prf.unipd.it,15,0.0039
10x20.prf.unipd.it,16,0.4802
10x20.prf.unipd.it,17,0.4937
10x20.prf.unipd.it,18,0.6937
10x20.prf.unipd.it,19,0.332
10x20.prf.unipd.it,20,0.4571
10x20.prf.unipd.it,21,0.3687
10x20.prf.unipd.it,22,0.6093
10x20.prf.unipd.it,23,0.8673
10x20.prf.unipd.it,24,0.922
10x20.prf.unipd.it,25,0.1042
10x20.prf.unipd.it,26,0.1501
10x20.prf.unipd.it,27,0.9924
10x20.prf.unipd.it,28,0.7478
10x20.prf.unipd.it,29,0.8727
10x20.prf.unipd.it,30,0.9967
BBGhelani1,1,0.9875
BBGhelani1,2,0.9998
BBGhelani1,3,0.9226
BBGhelani1,4,0.9973
BBGhelani1,5,0.6504
BBGhelani1,6,0.9897
BBGhelani1,7,0.9973
BBGhelani1,8,0.3325
BBGhelani1,9,0.4626
BBGhelani1,10,1
BBGhelani1,11,0.6854
BBGhelani1,12,0.9758
BBGhelani1,13,0.9781
BBGhelani1,14,0.981
BBGhelani1,15,0.995
BBGhelani1,16,0.4903
BBGhelani1,17,0.9672
BBGhelani1,18,0.9949
BBGhelani1,19,0.4063
BBGhelani1,20,0.4278
BBGhelani1,21,0.9996
BBGhelani1,22,0.4999
BBGhelani1,23,0.8982
BBGhelani1,24,0.9586
BBGhelani1,25,0.8556
BBGhelani1,26,0.3741
BBGhelani1,27,0.9999
BBGhelani1,28,0.4919
BBGhelani1,29,0.9651
BBGhelani1,30,0.7461
BBGhelani2,1,0.9875
BBGhelani2,2,0.9998
BBGhelani2,3,0.9226
BBGhelani2,4,0.9973
BBGhelani2,5,0.6504
BBGhelani2,6,0.9897
BBGhelani2,7,0.9973
BBGhelani2,8,0.3325
BBGhelani2,9,0.4626
BBGhelani2,10,1
BBGhelani2,11,0.6854
BBGhelani2,12,0.9758
BBGhelani2,13,0.9781
BBGhelani2,14,0.981
BBGhelani2,15,0.995
BBGhelani2,16,0.4903
BBGhelani2,17,0.9672
BBGhelani2,18,0.9949
BBGhelani2,19,0.4063
BBGhelani2,20,0.4278
BBGhelani2,21,0.9996
BBGhelani2,22,0.4999
BBGhelani2,23,0.8982
BBGhelani2,24,0.9586
BBGhelani2,25,0.8556
BBGhelani2,26,0.3741
BBGhelani2,27,0.9999
BBGhelani2,28,0.4919
BBGhelani2,29,0.9651
BBGhelani2,30,0.7461
BITEM_BL,1,0.1563
BITEM_BL,2,0.6251
BITEM_BL,3,0.0625
BITEM_BL,4,0
BITEM_BL,5,0.0045
BITEM_BL,6,0.2603
BITEM_BL,7,0.082
BITEM_BL,8,0
BITEM_BL,9,0.1254
BITEM_BL,10,0.9829
BITEM_BL,11,0.2657
BITEM_BL,12,0.8469
BITEM_BL,13,0
BITEM_BL,14,0.8868
BITEM_BL,15,0.2666
BITEM_BL,16,0.502
BITEM_BL,17,0.8812
BITEM_BL,18,0.916
BITEM_BL,19,0.6309
BITEM_BL,20,0.7738
BITEM_BL,21,0.5101
BITEM_BL,22,0.3912
BITEM_BL,23,0.5041
BITEM_BL,24,0.126
BITEM_BL,25,0.3281
BITEM_BL,26,0.5333
BITEM_BL,27,0.1094
BITEM_BL,28,1
BITEM_BL,29,0.8673
BITEM_BL,30,0.4648
BITEM_df,1,0.875
BITEM_df,2,0.2506
BITEM_df,3,0.002
BITEM_df,4,0
BITEM_df,5,0.1797
BITEM_df,6,0.3672
BITEM_df,7,0.0017
BITEM_df,8,0
BITEM_df,9,0.1427
BITEM_df,10,0.9999
BITEM_df,11,0.5728
BITEM_df,12,0.9987
BITEM_df,13,0.0469
BITEM_df,14,0.8929
BITEM_df,15,0.5022
BITEM_df,16,0.5469
BITEM_df,17,0.6802
BITEM_df,18,0.4882
BITEM_df,19,0.7266
BITEM_df,20,0.4299
BITEM_df,21,0.2071
BITEM_df,22,0.7818
BITEM_df,23,0.6295
BITEM_df,24,0.0098
BITEM_df,25,0.0313
BITEM_df,26,0.7149
BITEM_df,27,0.5781
BITEM_df,28,1
BITEM_df,29,0.9015
BITEM_df,30,0.7324
BITEM_stem,1,0.2813
BITEM_stem,2,0.5156
BITEM_stem,3,0.0781
BITEM_stem,4,0
BITEM_stem,5,0.0256
BITEM_stem,6,0.7892
BITEM_stem,7,0.0078
BITEM_stem,8,0.001
BITEM_stem,9,0.0161
BITEM_stem,10,0.994
BITEM_stem,11,0.127
BITEM_stem,12,0.8898
BITEM_stem,13,0
BITEM_stem,14,0.8873
BITEM_stem,15,0.0647
BITEM_stem,16,0.5
BITEM_stem,17,0.7012
BITEM_stem,18,0.7959
BITEM_stem,19,0.3262
BITEM_stem,20,0.465
BITEM_stem,21,0.274
BITEM_stem,22,0.6254
BITEM_stem,23,0.5716
BITEM_stem,24,0.0195
BITEM_stem,25,0.0156
BITEM_stem,26,0.7534
BITEM_stem,27,0.0371
BITEM_stem,28,1
BITEM_stem,29,0.731
BITEM_stem,30,0.8555
BM25R2,1,0.7229
BM25R2,2,0.9669
BM25R2,3,0
BM25R2,4,0.3125
BM25R2,5,0
BM25R2,6,0.501
BM25R2,7,0.2546
BM25R2,8,0.752
BM25R2,9,0.6251
BM25R2,10,0.9999
BM25R2,11,0.0011
BM25R2,12,0.4736
BM25R2,13,0.1251
BM25R2,14,0.6487
BM25R2,15,0.7813
BM25R2,16,0.0313
BM25R2,17,0.5
BM25R2,18,0.2522
BM25R2,19,0.2529
BM25R2,20,0.1689
BM25R2,21,0.6016
BM25R2,22,0.8301
BM25R2,23,5e-04
BM25R2,24,0.5
BM25R2,25,0.744
BM25R2,26,0.5003
BM25R2,27,0.0078
BM25R2,28,0.7342
BM25R2,29,0.9855
BM25R2,30,0.7733
BioinfoUA-emb,1,0.5703
BioinfoUA-emb,2,0.9888
BioinfoUA-emb,3,0.1422
BioinfoUA-emb,4,0.8568
BioinfoUA-emb,5,0.9995
BioinfoUA-emb,6,0.9532
BioinfoUA-emb,7,0.2744
BioinfoUA-emb,8,0.5787
BioinfoUA-emb,9,0.8833
BioinfoUA-emb,10,0.6873
BioinfoUA-emb,11,0.0313
BioinfoUA-emb,12,0.746
BioinfoUA-emb,13,0.9063
BioinfoUA-emb,14,0.7812
BioinfoUA-emb,15,0.25
BioinfoUA-emb,16,0.6516
BioinfoUA-emb,17,0.4795
BioinfoUA-emb,18,0.4377
BioinfoUA-emb,19,0.75
BioinfoUA-emb,20,0.9672
BioinfoUA-emb,21,0.002
BioinfoUA-emb,22,0.9938
BioinfoUA-emb,23,0.93
BioinfoUA-emb,24,0.9683
BioinfoUA-emb,25,0.524
BioinfoUA-emb,26,0.8593
BioinfoUA-emb,27,0.9995
BioinfoUA-emb,28,0.9934
BioinfoUA-emb,29,0.9687
BioinfoUA-emb,30,0.9872
BioinfoUA-emb-q,1,0.5001
BioinfoUA-emb-q,2,0.8691
BioinfoUA-emb-q,3,0.0786
BioinfoUA-emb-q,4,0.125
BioinfoUA-emb-q,5,0
BioinfoUA-emb-q,6,0.1875
BioinfoUA-emb-q,7,0.5635
BioinfoUA-emb-q,8,0.0781
BioinfoUA-emb-q,9,0.262
BioinfoUA-emb-q,10,0.9899
BioinfoUA-emb-q,11,0.5001
BioinfoUA-emb-q,12,0.992
BioinfoUA-emb-q,13,0.5078
BioinfoUA-emb-q,14,0.5914
BioinfoUA-emb-q,15,0.5
BioinfoUA-emb-q,16,0.825
BioinfoUA-emb-q,17,0.9817
BioinfoUA-emb-q,18,0.0078
BioinfoUA-emb-q,19,0.4688
BioinfoUA-emb-q,20,0.8789
BioinfoUA-emb-q,21,0.6062
BioinfoUA-emb-q,22,0.8594
BioinfoUA-emb-q,23,0.3048
BioinfoUA-emb-q,24,0.6333
BioinfoUA-emb-q,25,0.052
BioinfoUA-emb-q,26,0.3998
BioinfoUA-emb-q,27,0.8033
BioinfoUA-emb-q,28,0.7485
BioinfoUA-emb-q,29,0.7334
BioinfoUA-emb-q,30,0.9983
BioinfoUA-noadapt,1,0.5157
BioinfoUA-noadapt,2,0.856
BioinfoUA-noadapt,3,0.0405
BioinfoUA-noadapt,4,0.772
BioinfoUA-noadapt,5,0.206
BioinfoUA-noadapt,6,0.3008
BioinfoUA-noadapt,7,0.3781
BioinfoUA-noadapt,8,0.719
BioinfoUA-noadapt,9,0.9263
BioinfoUA-noadapt,10,0.4686
BioinfoUA-noadapt,11,0.0625
BioinfoUA-noadapt,12,0.6853
BioinfoUA-noadapt,13,0.876
BioinfoUA-noadapt,14,0.3661
BioinfoUA-noadapt,15,0.25
BioinfoUA-noadapt,16,0.8115
BioinfoUA-noadapt,17,0.3673
BioinfoUA-noadapt,18,0.4068
BioinfoUA-noadapt,19,0.7622
BioinfoUA-noadapt,20,0.7434
BioinfoUA-noadapt,21,3e-04
BioinfoUA-noadapt,22,0.9995
BioinfoUA-noadapt,23,0.6625
BioinfoUA-noadapt,24,0.8351
BioinfoUA-noadapt,25,0.5784
BioinfoUA-noadapt,26,0.9919
BioinfoUA-noadapt,27,0.9675
BioinfoUA-noadapt,28,0.9983
BioinfoUA-noadapt,29,0.9993
BioinfoUA-noadapt,30,0.984
CBOWexp.0,1,0.7656
CBOWexp.0,2,0.001
CBOWexp.0,3,0
CBOWexp.0,4,0
CBOWexp.0,5,0.5
CBOWexp.0,6,0.9226
CBOWexp.0,7,0.5579
CBOWexp.0,8,0
CBOWexp.0,9,0.922
CBOWexp.0,10,0.806
CBOWexp.0,11,0.0078
CBOWexp.0,12,0.4773
CBOWexp.0,13,0.8281
CBOWexp.0,14,0.4808
CBOWexp.0,15,0
CBOWexp.0,16,0.1519
CBOWexp.0,17,0.6334
CBOWexp.0,18,0.4788
CBOWexp.0,19,0.9029
CBOWexp.0,20,0.0039
CBOWexp.0,21,0.501
CBOWexp.0,22,0
CBOWexp.0,23,0.0664
CBOWexp.0,24,0.252
CBOWexp.0,25,0
CBOWexp.0,26,0.0528
CBOWexp.0,27,0.5274
CBOWexp.0,28,0.4088
CBOWexp.0,29,0.1173
CBOWexp.0,30,0.1139
CSIROmedNIR,1,0.9356
CSIROmedNIR,2,0.9066
CSIROmedNIR,3,0.785
CSIROmedNIR,4,0.6917
CSIROmedNIR,5,0.8576
CSIROmedNIR,6,0.8987
CSIROmedNIR,7,0.7208
CSIROmedNIR,8,0.7539
CSIROmedNIR,9,0.75
CSIROmedNIR,10,0.998
CSIROmedNIR,11,0.0158
CSIROmedNIR,12,0.9003
CSIROmedNIR,13,0.7738
CSIROmedNIR,14,0.7539
CSIROmedNIR,15,0.5313
CSIROmedNIR,16,0.7617
CSIROmedNIR,17,0.7447
CSIROmedNIR,18,0.957
CSIROmedNIR,19,0.625
CSIROmedNIR,20,0.919
CSIROmedNIR,21,0.9686
CSIROmedNIR,22,0.9677
CSIROmedNIR,23,0.685
CSIROmedNIR,24,0.9757
CSIROmedNIR,25,0.8168
CSIROmedNIR,26,0.9261
CSIROmedNIR,27,0.8192
CSIROmedNIR,28,1
CSIROmedNIR,29,0.9989
CSIROmedNIR,30,0.9667
CSIROmed_PE,1,0.9047
CSIROmed_PE,2,0.0319
CSIROmed_PE,3,0.0078
CSIROmed_PE,4,1e-04
CSIROmed_PE,5,0.1407
CSIROmed_PE,6,0.0703
CSIROmed_PE,7,0.4944
CSIROmed_PE,8,0.6612
CSIROmed_PE,9,0.8877
CSIROmed_PE,10,0.998
CSIROmed_PE,11,0.5003
CSIROmed_PE,12,0.6802
CSIROmed_PE,13,0.9322
CSIROmed_PE,14,0.5552
CSIROmed_PE,15,0.1328
CSIROmed_PE,16,0.375
CSIROmed_PE,17,0.9584
CSIROmed_PE,18,0.345
CSIROmed_PE,19,0.0161
CSIROmed_PE,20,0.8705
CSIROmed_PE,21,0.5001
CSIROmed_PE,22,0.6967
CSIROmed_PE,23,0.0156
CSIROmed_PE,24,0.4386
CSIROmed_PE,25,0.9325
CSIROmed_PE,26,0.0373
CSIROmed_PE,27,0
CSIROmed_PE,28,0.9218
CSIROmed_PE,29,0.9363
CSIROmed_PE,30,0.9999
CSIROmed_RF,1,0.997
CSIROmed_RF,2,0.9748
CSIROmed_RF,3,0.001
CSIROmed_RF,4,0.2042
CSIROmed_RF,5,0.8472
CSIROmed_RF,6,0.999
CSIROmed_RF,7,0.8688
CSIROmed_RF,8,0.6358
CSIROmed_RF,9,0.8135
CSIROmed_RF,10,1
CSIROmed_RF,11,0.547
CSIROmed_RF,12,0.1805
CSIROmed_RF,13,0.9734
CSIROmed_RF,14,0.8184
CSIROmed_RF,15,0.0176
CSIROmed_RF,16,0.016
CSIROmed_RF,17,0.9974
CSIROmed_RF,18,0.7179
CSIROmed_RF,19,1e-04
CSIROmed_RF,20,0.7469
CSIROmed_RF,21,0.9514
CSIROmed_RF,22,0.437
CSIROmed_RF,23,0.9297
CSIROmed_RF,24,0.9566
CSIROmed_RF,25,0.9599
CSIROmed_RF,26,0.2748
CSIROmed_RF,27,0.9025
CSIROmed_RF,28,0.9228
CSIROmed_RF,29,0.999
CSIROmed_RF,30,0.9993
Conv_KNRM,1,0.0078
Conv_KNRM,2,0.5
Conv_KNRM,3,0.5
Conv_KNRM,4,0
Conv_KNRM,5,0.6251
Conv_KNRM,6,0.1333
Conv_KNRM,7,0.25
Conv_KNRM,8,0.2502
Conv_KNRM,9,0.1406
Conv_KNRM,10,0.9767
Conv_KNRM,11,0.0313
Conv_KNRM,12,0.127
Conv_KNRM,13,0.2501
Conv_KNRM,14,0.4405
Conv_KNRM,15,0.9395
Conv_KNRM,16,0.0794
Conv_KNRM,17,0.5313
Conv_KNRM,18,0.5986
Conv_KNRM,19,0.0315
Conv_KNRM,20,0.001
Conv_KNRM,21,0.2656
Conv_KNRM,22,0.3751
Conv_KNRM,23,0.5046
Conv_KNRM,24,0.3784
Conv_KNRM,25,0.1289
Conv_KNRM,26,0.502
Conv_KNRM,27,0.5636
Conv_KNRM,28,0.7906
Conv_KNRM,29,0.8834
Conv_KNRM,30,0.9524
DA_IICT_all,1,0.125
DA_IICT_all,2,0.6253
DA_IICT_all,3,0
DA_IICT_all,4,1e-04
DA_IICT_all,5,0.0078
DA_IICT_all,6,0.5081
DA_IICT_all,7,0.5314
DA_IICT_all,8,0.8956
DA_IICT_all,9,0.1646
DA_IICT_all,10,0.2026
DA_IICT_all,11,0.0163
DA_IICT_all,12,0.1941
DA_IICT_all,13,0.0654
DA_IICT_all,14,0.2496
DA_IICT_all,15,0.5
DA_IICT_all,16,0
DA_IICT_all,17,0
DA_IICT_all,18,0.9641
DA_IICT_all,19,0.001
DA_IICT_all,20,0.9841
DA_IICT_all,21,0.1426
DA_IICT_all,22,0.48
DA_IICT_all,23,0.2126
DA_IICT_all,24,0.1096
DA_IICT_all,25,0.9359
DA_IICT_all,26,0.4402
DA_IICT_all,27,0.9329
DA_IICT_all,28,0.9599
DA_IICT_all,29,0.8785
DA_IICT_all,30,0.9921
IRIT_marked_base,1,0.8477
IRIT_marked_base,2,0.7903
IRIT_marked_base,3,0.6802
IRIT_marked_base,4,0.9942
IRIT_marked_base,5,0.9991
IRIT_marked_base,6,0.9905
IRIT_marked_base,7,0.8044
IRIT_marked_base,8,0.8838
IRIT_marked_base,9,0.9727
IRIT_marked_base,10,0.371
IRIT_marked_base,11,0.8125
IRIT_marked_base,12,0.9307
IRIT_marked_base,13,0.9955
IRIT_marked_base,14,0.0312
IRIT_marked_base,15,2e-04
IRIT_marked_base,16,0.9993
IRIT_marked_base,17,0.8995
IRIT_marked_base,18,0.9591
IRIT_marked_base,19,0.2969
IRIT_marked_base,20,0.9915
IRIT_marked_base,21,0.5059
IRIT_marked_base,22,0.9744
IRIT_marked_base,23,0.1272
IRIT_marked_base,24,0.8717
IRIT_marked_base,25,0.9439
IRIT_marked_base,26,0.9956
IRIT_marked_base,27,0.7894
IRIT_marked_base,28,0.9989
IRIT_marked_base,29,0.9997
IRIT_marked_base,30,0.9275
IRIT_marked_mu_pair,1,0.8321
IRIT_marked_mu_pair,2,0.9771
IRIT_marked_mu_pair,3,0.4218
IRIT_marked_mu_pair,4,0.9722
IRIT_marked_mu_pair,5,0.8657
IRIT_marked_mu_pair,6,0.812
IRIT_marked_mu_pair,7,0.4634
IRIT_marked_mu_pair,8,0.46
IRIT_marked_mu_pair,9,0.9844
IRIT_marked_mu_pair,10,0.9375
IRIT_marked_mu_pair,11,0.5052
IRIT_marked_mu_pair,12,0.9388
IRIT_marked_mu_pair,13,0.9089
IRIT_marked_mu_pair,14,0.5
IRIT_marked_mu_pair,15,0.003
IRIT_marked_mu_pair,16,0.9994
IRIT_marked_mu_pair,17,0.8679
IRIT_marked_mu_pair,18,0.9681
IRIT_marked_mu_pair,19,0.6333
IRIT_marked_mu_pair,20,0.9808
IRIT_marked_mu_pair,21,0.0166
IRIT_marked_mu_pair,22,0.8645
IRIT_marked_mu_pair,23,0.0321
IRIT_marked_mu_pair,24,0.8658
IRIT_marked_mu_pair,25,0.9832
IRIT_marked_mu_pair,26,0.6557
IRIT_marked_mu_pair,27,0.9945
IRIT_marked_mu_pair,28,0.9993
IRIT_marked_mu_pair,29,0.9843
IRIT_marked_mu_pair,30,0.8724
IRIT_marked_un_pair,1,0.9151
IRIT_marked_un_pair,2,0.9201
IRIT_marked_un_pair,3,0.9505
IRIT_marked_un_pair,4,0.9731
IRIT_marked_un_pair,5,0.4916
IRIT_marked_un_pair,6,0.9498
IRIT_marked_un_pair,7,0.4409
IRIT_marked_un_pair,8,0.4651
IRIT_marked_un_pair,9,0.9844
IRIT_marked_un_pair,10,0.9999
IRIT_marked_un_pair,11,0.5103
IRIT_marked_un_pair,12,0.9464
IRIT_marked_un_pair,13,0.9301
IRIT_marked_un_pair,14,0.25
IRIT_marked_un_pair,15,0.1252
IRIT_marked_un_pair,16,0.9993
IRIT_marked_un_pair,17,0.8634
IRIT_marked_un_pair,18,0.9909
IRIT_marked_un_pair,19,0.8438
IRIT_marked_un_pair,20,0.9967
IRIT_marked_un_pair,21,0.0665
IRIT_marked_un_pair,22,0.9334
IRIT_marked_un_pair,23,0.0704
IRIT_marked_un_pair,24,0.7327
IRIT_marked_un_pair,25,0.9707
IRIT_marked_un_pair,26,0.6562
IRIT_marked_un_pair,27,0.8741
IRIT_marked_un_pair,28,0.9996
IRIT_marked_un_pair,29,0.9686
IRIT_marked_un_pair,30,0.9734
KU_run1,1,0.4926
KU_run1,2,0.6541
KU_run1,3,0.9426
KU_run1,4,0.2505
KU_run1,5,0
KU_run1,6,0.2319
KU_run1,7,0.8789
KU_run1,8,0.3293
KU_run1,9,0.9627
KU_run1,10,1
KU_run1,11,0.3345
KU_run1,12,0.0673
KU_run1,13,0.5715
KU_run1,14,0.3627
KU_run1,15,0.7505
KU_run1,16,0.753
KU_run1,17,0.9999
KU_run1,18,0.9662
KU_run1,19,0.0313
KU_run1,20,0.9063
KU_run1,21,0.9711
KU_run1,22,0.1094
KU_run1,23,0.4947
KU_run1,24,0.9664
KU_run1,25,0.25
KU_run1,26,0.2146
KU_run1,27,0.8708
KU_run1,28,0.9843
KU_run1,29,0.7109
KU_run1,30,0.9997
KU_run3,1,0.9994
KU_run3,2,0.6221
KU_run3,3,0.897
KU_run3,4,0.0469
KU_run3,5,0
KU_run3,6,0.9945
KU_run3,7,0.4387
KU_run3,8,0.7738
KU_run3,9,0.9983
KU_run3,10,0.9841
KU_run3,11,0.5294
KU_run3,12,0.4994
KU_run3,13,0.3246
KU_run3,14,0.0575
KU_run3,15,0.0939
KU_run3,16,0.6885
KU_run3,17,0.9609
KU_run3,18,0.3491
KU_run3,19,0.002
KU_run3,20,0.672
KU_run3,21,0.4906
KU_run3,22,0.6406
KU_run3,23,0.9178
KU_run3,24,0.7968
KU_run3,25,5e-04
KU_run3,26,0.3025
KU_run3,27,0.8589
KU_run3,28,0.9372
KU_run3,29,0.3593
KU_run3,30,0.4996
NTU_NMLAB_BM25_ALLQQ,1,0.9082
NTU_NMLAB_BM25_ALLQQ,2,0.0784
NTU_NMLAB_BM25_ALLQQ,3,0
NTU_NMLAB_BM25_ALLQQ,4,0
NTU_NMLAB_BM25_ALLQQ,5,0.25
NTU_NMLAB_BM25_ALLQQ,6,0
NTU_NMLAB_BM25_ALLQQ,7,0
NTU_NMLAB_BM25_ALLQQ,8,0
NTU_NMLAB_BM25_ALLQQ,9,0.9479
NTU_NMLAB_BM25_ALLQQ,10,0.9916
NTU_NMLAB_BM25_ALLQQ,11,0.0704
NTU_NMLAB_BM25_ALLQQ,12,0.9682
NTU_NMLAB_BM25_ALLQQ,13,0.9385
NTU_NMLAB_BM25_ALLQQ,14,0.9584
NTU_NMLAB_BM25_ALLQQ,15,2e-04
NTU_NMLAB_BM25_ALLQQ,16,0.1257
NTU_NMLAB_BM25_ALLQQ,17,0
NTU_NMLAB_BM25_ALLQQ,18,2e-04
NTU_NMLAB_BM25_ALLQQ,19,0.0051
NTU_NMLAB_BM25_ALLQQ,20,0.9336
NTU_NMLAB_BM25_ALLQQ,21,0.0156
NTU_NMLAB_BM25_ALLQQ,22,0.8652
NTU_NMLAB_BM25_ALLQQ,23,0.1663
NTU_NMLAB_BM25_ALLQQ,24,0.6558
NTU_NMLAB_BM25_ALLQQ,25,0
NTU_NMLAB_BM25_ALLQQ,26,0.1953
NTU_NMLAB_BM25_ALLQQ,27,0.6252
NTU_NMLAB_BM25_ALLQQ,28,0.499
NTU_NMLAB_BM25_ALLQQ,29,0.8614
NTU_NMLAB_BM25_ALLQQ,30,0.998
NTU_NMLAB_BM25_Hum2,1,0.9102
NTU_NMLAB_BM25_Hum2,2,0.7503
NTU_NMLAB_BM25_Hum2,3,0
NTU_NMLAB_BM25_Hum2,4,0.5039
NTU_NMLAB_BM25_Hum2,5,0.3154
NTU_NMLAB_BM25_Hum2,6,0.7109
NTU_NMLAB_BM25_Hum2,7,0.5001
NTU_NMLAB_BM25_Hum2,8,0.25
NTU_NMLAB_BM25_Hum2,9,0.9479
NTU_NMLAB_BM25_Hum2,10,0.9999
NTU_NMLAB_BM25_Hum2,11,0.1509
NTU_NMLAB_BM25_Hum2,12,0.6333
NTU_NMLAB_BM25_Hum2,13,0.9381
NTU_NMLAB_BM25_Hum2,14,0.9584
NTU_NMLAB_BM25_Hum2,15,0.0631
NTU_NMLAB_BM25_Hum2,16,0.1738
NTU_NMLAB_BM25_Hum2,17,0.6085
NTU_NMLAB_BM25_Hum2,18,0.8207
NTU_NMLAB_BM25_Hum2,19,0.0625
NTU_NMLAB_BM25_Hum2,20,0.9481
NTU_NMLAB_BM25_Hum2,21,0.7422
NTU_NMLAB_BM25_Hum2,22,1e-04
NTU_NMLAB_BM25_Hum2,23,0.5396
NTU_NMLAB_BM25_Hum2,24,0.0938
NTU_NMLAB_BM25_Hum2,25,0.4505
NTU_NMLAB_BM25_Hum2,26,0.8206
NTU_NMLAB_BM25_Hum2,27,0.8789
NTU_NMLAB_BM25_Hum2,28,0.9008
NTU_NMLAB_BM25_Hum2,29,0.7396
NTU_NMLAB_BM25_Hum2,30,0.4998
NTU_NMLAB_BM25_Human,1,0.7041
NTU_NMLAB_BM25_Human,2,0.751
NTU_NMLAB_BM25_Human,3,0
NTU_NMLAB_BM25_Human,4,0.125
NTU_NMLAB_BM25_Human,5,0.125
NTU_NMLAB_BM25_Human,6,0.4103
NTU_NMLAB_BM25_Human,7,0.5002
NTU_NMLAB_BM25_Human,8,0.25
NTU_NMLAB_BM25_Human,9,0.92
NTU_NMLAB_BM25_Human,10,0.9999
NTU_NMLAB_BM25_Human,11,0.1525
NTU_NMLAB_BM25_Human,12,0.6338
NTU_NMLAB_BM25_Human,13,0.9068
NTU_NMLAB_BM25_Human,14,0.96
NTU_NMLAB_BM25_Human,15,0.8754
NTU_NMLAB_BM25_Human,16,2e-04
NTU_NMLAB_BM25_Human,17,0.608
NTU_NMLAB_BM25_Human,18,0.7502
NTU_NMLAB_BM25_Human,19,0.125
NTU_NMLAB_BM25_Human,20,0.9499
NTU_NMLAB_BM25_Human,21,0.961
NTU_NMLAB_BM25_Human,22,0.8125
NTU_NMLAB_BM25_Human,23,0.5356
NTU_NMLAB_BM25_Human,24,0.1563
NTU_NMLAB_BM25_Human,25,0.4161
NTU_NMLAB_BM25_Human,26,0.957
NTU_NMLAB_BM25_Human,27,0.8751
NTU_NMLAB_BM25_Human,28,0.8938
NTU_NMLAB_BM25_Human,29,0.7438
NTU_NMLAB_BM25_Human,30,0.4999
OHSU_RUN1,1,0.8026
OHSU_RUN1,2,0.0093
OHSU_RUN1,3,3e-04
OHSU_RUN1,4,0
OHSU_RUN1,5,0
OHSU_RUN1,6,0.9102
OHSU_RUN1,7,0.004
OHSU_RUN1,8,0.0203
OHSU_RUN1,9,0.896
OHSU_RUN1,10,0.9993
OHSU_RUN1,11,0.1289
OHSU_RUN1,12,0.718
OHSU_RUN1,13,0.0431
OHSU_RUN1,14,0.8102
OHSU_RUN1,15,0.75
OHSU_RUN1,16,0.6578
OHSU_RUN1,17,0.9996
OHSU_RUN1,18,0.9921
OHSU_RUN1,19,0.8293
OHSU_RUN1,20,0.0313
OHSU_RUN1,21,0.6871
OHSU_RUN1,22,0.7038
OHSU_RUN1,23,0.9988
OHSU_RUN1,24,0.608
OHSU_RUN1,25,0
OHSU_RUN1,26,0.599
OHSU_RUN1,27,0.5345
OHSU_RUN1,28,0.9951
OHSU_RUN1,29,0.9788
OHSU_RUN1,30,1
OHSU_RUN2,1,0.9668
OHSU_RUN2,2,0.9945
OHSU_RUN2,3,2e-04
OHSU_RUN2,4,0.5
OHSU_RUN2,5,0.9006
OHSU_RUN2,6,0.9647
OHSU_RUN2,7,0.3727
OHSU_RUN2,8,0.5078
OHSU_RUN2,9,0.7852
OHSU_RUN2,10,0.9976
OHSU_RUN2,11,0.1039
OHSU_RUN2,12,0.9062
OHSU_RUN2,13,0.6641
OHSU_RUN2,14,0.809
OHSU_RUN2,15,0.8127
OHSU_RUN2,16,0.4928
OHSU_RUN2,17,0.9974
OHSU_RUN2,18,0.9902
OHSU_RUN2,19,0.5668
OHSU_RUN2,20,0.9375
OHSU_RUN2,21,0.9998
OHSU_RUN2,22,0.872
OHSU_RUN2,23,0.8936
OHSU_RUN2,24,0.7264
OHSU_RUN2,25,0.9998
OHSU_RUN2,26,0.9939
OHSU_RUN2,27,0.337
OHSU_RUN2,28,0.9663
OHSU_RUN2,29,0.9985
OHSU_RUN2,30,1
OHSU_RUN3,1,0.002
OHSU_RUN3,2,1e-04
OHSU_RUN3,3,0
OHSU_RUN3,4,0.0078
OHSU_RUN3,5,0.0021
OHSU_RUN3,6,0.8917
OHSU_RUN3,7,0.2657
OHSU_RUN3,8,0.4906
OHSU_RUN3,9,0.9688
OHSU_RUN3,10,0.498
OHSU_RUN3,11,0.9849
OHSU_RUN3,12,0.9301
OHSU_RUN3,13,0.8853
OHSU_RUN3,14,0.9351
OHSU_RUN3,15,0.0625
OHSU_RUN3,16,0.9837
OHSU_RUN3,17,0.9988
OHSU_RUN3,18,0.5513
OHSU_RUN3,19,0.7437
OHSU_RUN3,20,0.9761
OHSU_RUN3,21,0.8755
OHSU_RUN3,22,0.8649
OHSU_RUN3,23,0.8327
OHSU_RUN3,24,0.8574
OHSU_RUN3,25,0.626
OHSU_RUN3,26,0.8848
OHSU_RUN3,27,0.1292
OHSU_RUN3,28,0.9504
OHSU_RUN3,29,0.9797
OHSU_RUN3,30,0.998
PL2c1.0,1,0.0566
PL2c1.0,2,0.0013
PL2c1.0,3,0.0313
PL2c1.0,4,0.125
PL2c1.0,5,0.0196
PL2c1.0,6,0.0916
PL2c1.0,7,0.6573
PL2c1.0,8,5e-04
PL2c1.0,9,0.9142
PL2c1.0,10,1
PL2c1.0,11,2e-04
PL2c1.0,12,0.7418
PL2c1.0,13,0.7505
PL2c1.0,14,0.9274
PL2c1.0,15,0.125
PL2c1.0,16,0.5173
PL2c1.0,17,0.741
PL2c1.0,18,0.842
PL2c1.0,19,0.7708
PL2c1.0,20,0.2852
PL2c1.0,21,0.834
PL2c1.0,22,0.2757
PL2c1.0,23,0.1275
PL2c1.0,24,0.7505
PL2c1.0,25,0
PL2c1.0,26,0.4703
PL2c1.0,27,0.8882
PL2c1.0,28,0.8745
PL2c1.0,29,0.8197
PL2c1.0,30,0.8708
PL2c1.0_Bo1,1,0.0861
PL2c1.0_Bo1,2,0.0157
PL2c1.0_Bo1,3,1e-04
PL2c1.0_Bo1,4,0
PL2c1.0_Bo1,5,0
PL2c1.0_Bo1,6,0.7889
PL2c1.0_Bo1,7,0.09
PL2c1.0_Bo1,8,0.25
PL2c1.0_Bo1,9,0.8947
PL2c1.0_Bo1,10,1
PL2c1.0_Bo1,11,0.0625
PL2c1.0_Bo1,12,0.748
PL2c1.0_Bo1,13,0.625
PL2c1.0_Bo1,14,0.9173
PL2c1.0_Bo1,15,0.001
PL2c1.0_Bo1,16,0.5215
PL2c1.0_Bo1,17,0.9527
PL2c1.0_Bo1,18,0.8681
PL2c1.0_Bo1,19,0.6873
PL2c1.0_Bo1,20,0.5
PL2c1.0_Bo1,21,0.9057
PL2c1.0_Bo1,22,0.1098
PL2c1.0_Bo1,23,0.082
PL2c1.0_Bo1,24,0.3774
PL2c1.0_Bo1,25,0
PL2c1.0_Bo1,26,0.8446
PL2c1.0_Bo1,27,0.7195
PL2c1.0_Bo1,28,0.75
PL2c1.0_Bo1,29,0.3698
PL2c1.0_Bo1,30,0.9857
PS-r1-bm25all,1,0.9847
PS-r1-bm25all,2,0.4063
PS-r1-bm25all,3,0.2267
PS-r1-bm25all,4,0.9251
PS-r1-bm25all,5,0.8994
PS-r1-bm25all,6,0.9976
PS-r1-bm25all,7,0.6953
PS-r1-bm25all,8,0.9531
PS-r1-bm25all,9,0.0042
PS-r1-bm25all,10,0.9972
PS-r1-bm25all,11,0.1258
PS-r1-bm25all,12,0.9631
PS-r1-bm25all,13,0.9025
PS-r1-bm25all,14,0.9318
PS-r1-bm25all,15,0.6719
PS-r1-bm25all,16,1e-04
PS-r1-bm25all,17,0.3274
PS-r1-bm25all,18,0.0196
PS-r1-bm25all,19,0.7659
PS-r1-bm25all,20,0.969
PS-r1-bm25all,21,0.9779
PS-r1-bm25all,22,0.9708
PS-r1-bm25all,23,0.6487
PS-r1-bm25all,24,0.8383
PS-r1-bm25all,25,0.4651
PS-r1-bm25all,26,0.9662
PS-r1-bm25all,27,0.6328
PS-r1-bm25all,28,0.3149
PS-r1-bm25all,29,0.4824
PS-r1-bm25all,30,0.99
PS-r1-bm25medical,1,0.1099
PS-r1-bm25medical,2,0.8828
PS-r1-bm25medical,3,0.2794
PS-r1-bm25medical,4,0.8507
PS-r1-bm25medical,5,0
PS-r1-bm25medical,6,0.7957
PS-r1-bm25medical,7,0.6875
PS-r1-bm25medical,8,0.3296
PS-r1-bm25medical,9,0.2579
PS-r1-bm25medical,10,0.9632
PS-r1-bm25medical,11,0.3164
PS-r1-bm25medical,12,0.8986
PS-r1-bm25medical,13,0.3789
PS-r1-bm25medical,14,0.9263
PS-r1-bm25medical,15,0.0313
PS-r1-bm25medical,16,0.0156
PS-r1-bm25medical,17,0.4414
PS-r1-bm25medical,18,0.0085
PS-r1-bm25medical,19,0.5313
PS-r1-bm25medical,20,0.9688
PS-r1-bm25medical,21,0.9488
PS-r1-bm25medical,22,0.4689
PS-r1-bm25medical,23,0.5196
PS-r1-bm25medical,24,0.8383
PS-r1-bm25medical,25,0.8111
PS-r1-bm25medical,26,0.9835
PS-r1-bm25medical,27,0.869
PS-r1-bm25medical,28,0.9987
PS-r1-bm25medical,29,0.9199
PS-r1-bm25medical,30,0.9902
PS-r1-bm25none,1,0
PS-r1-bm25none,2,0.5156
PS-r1-bm25none,3,0.063
PS-r1-bm25none,4,0.8507
PS-r1-bm25none,5,0
PS-r1-bm25none,6,0.8215
PS-r1-bm25none,7,0.875
PS-r1-bm25none,8,0.6265
PS-r1-bm25none,9,0.5313
PS-r1-bm25none,10,1
PS-r1-bm25none,11,0.7539
PS-r1-bm25none,12,0.9141
PS-r1-bm25none,13,0.5709
PS-r1-bm25none,14,0.9063
PS-r1-bm25none,15,0.5314
PS-r1-bm25none,16,0.0156
PS-r1-bm25none,17,0
PS-r1-bm25none,18,0.1877
PS-r1-bm25none,19,0.25
PS-r1-bm25none,20,0.9689
PS-r1-bm25none,21,0.9348
PS-r1-bm25none,22,0.4536
PS-r1-bm25none,23,0.0168
PS-r1-bm25none,24,0.8383
PS-r1-bm25none,25,0.8111
PS-r1-bm25none,26,0.921
PS-r1-bm25none,27,0.4951
PS-r1-bm25none,28,0.9987
PS-r1-bm25none,29,0.9199
PS-r1-bm25none,30,0.9902
RMITBFuseM2,1,0.2737
RMITBFuseM2,2,0.9751
RMITBFuseM2,3,0.0324
RMITBFuseM2,4,0.755
RMITBFuseM2,5,0.9163
RMITBFuseM2,6,0.739
RMITBFuseM2,7,0.0043
RMITBFuseM2,8,0
RMITBFuseM2,9,0.5156
RMITBFuseM2,10,0.9946
RMITBFuseM2,11,0.4229
RMITBFuseM2,12,0.8773
RMITBFuseM2,13,0.7852
RMITBFuseM2,14,0.6158
RMITBFuseM2,15,0.4883
RMITBFuseM2,16,0.4532
RMITBFuseM2,17,0.9943
RMITBFuseM2,18,0.8471
RMITBFuseM2,19,0.5945
RMITBFuseM2,20,0.1577
RMITBFuseM2,21,0.8015
RMITBFuseM2,22,0.0115
RMITBFuseM2,23,0.04
RMITBFuseM2,24,0.7739
RMITBFuseM2,25,0.0762
RMITBFuseM2,26,0.4228
RMITBFuseM2,27,0.7385
RMITBFuseM2,28,0.999
RMITBFuseM2,29,0.7408
RMITBFuseM2,30,0.9998
RMITBM1,1,0.9775
RMITBM1,2,0.4102
RMITBM1,3,0.3794
RMITBM1,4,0.5629
RMITBM1,5,0.6607
RMITBM1,6,0.9961
RMITBM1,7,0.0703
RMITBM1,8,0.125
RMITBM1,9,0.1517
RMITBM1,10,0.7461
RMITBM1,11,0.5
RMITBM1,12,0.8682
RMITBM1,13,0.7891
RMITBM1,14,0.1274
RMITBM1,15,0.5001
RMITBM1,16,0.5
RMITBM1,17,0.965
RMITBM1,18,0.713
RMITBM1,19,0.0326
RMITBM1,20,1e-04
RMITBM1,21,0.3624
RMITBM1,22,0.9531
RMITBM1,23,0.7188
RMITBM1,24,0.7708
RMITBM1,25,0.9378
RMITBM1,26,0.0165
RMITBM1,27,0.6945
RMITBM1,28,0.8888
RMITBM1,29,0.1806
RMITBM1,30,0.0049
SINEQUA,1,0.8873
SINEQUA,2,0.9024
SINEQUA,3,0.0161
SINEQUA,4,0.1255
SINEQUA,5,0.4381
SINEQUA,6,0.7387
SINEQUA,7,0.0335
SINEQUA,8,0.9063
SINEQUA,9,0.1048
SINEQUA,10,0.7302
SINEQUA,11,0.2671
SINEQUA,12,0.7719
SINEQUA,13,0.0625
SINEQUA,14,0.377
SINEQUA,15,0.5
SINEQUA,16,0.002
SINEQUA,17,0.9354
SINEQUA,18,0.9274
SINEQUA,19,0.0088
SINEQUA,20,0.8323
SINEQUA,21,0.4654
SINEQUA,22,0.9221
SINEQUA,23,0.8511
SINEQUA,24,0.8065
SINEQUA,25,0.2022
SINEQUA,26,0.6702
SINEQUA,27,0.75
SINEQUA,28,0.8114
SINEQUA,29,0.3271
SINEQUA,30,0.9838
SinequaR1_1,1,0.2661
SinequaR1_1,2,0.526
SinequaR1_1,3,0.6563
SinequaR1_1,4,0
SinequaR1_1,5,0.7033
SinequaR1_1,6,0.7508
SinequaR1_1,7,0.0254
SinequaR1_1,8,0.8303
SinequaR1_1,9,0.7813
SinequaR1_1,10,0.9999
SinequaR1_1,11,0.0078
SinequaR1_1,12,0.3819
SinequaR1_1,13,0
SinequaR1_1,14,0.1968
SinequaR1_1,15,0.0078
SinequaR1_1,16,0
SinequaR1_1,17,0.8729
SinequaR1_1,18,0.9374
SinequaR1_1,19,0.5
SinequaR1_1,20,0.5625
SinequaR1_1,21,0.3226
SinequaR1_1,22,0.5163
SinequaR1_1,23,0.5636
SinequaR1_1,24,0.1046
SinequaR1_1,25,0
SinequaR1_1,26,0.507
SinequaR1_1,27,0.127
SinequaR1_1,28,0.6865
SinequaR1_1,29,0.809
SinequaR1_1,30,0.9682
SinequaR1_2,1,0.5002
SinequaR1_2,2,0.4421
SinequaR1_2,3,0.0669
SinequaR1_2,4,0
SinequaR1_2,5,0.4415
SinequaR1_2,6,0.9845
SinequaR1_2,7,0.5639
SinequaR1_2,8,0.8134
SinequaR1_2,9,0.8444
SinequaR1_2,10,0.9642
SinequaR1_2,11,0.2208
SinequaR1_2,12,0.585
SinequaR1_2,13,0.0781
SinequaR1_2,14,0.6876
SinequaR1_2,15,0.5312
SinequaR1_2,16,0
SinequaR1_2,17,0.9367
SinequaR1_2,18,0.9598
SinequaR1_2,19,0.0156
SinequaR1_2,20,0.8986
SinequaR1_2,21,0.9877
SinequaR1_2,22,0.8867
SinequaR1_2,23,0.4317
SinequaR1_2,24,0.6851
SinequaR1_2,25,0.9693
SinequaR1_2,26,0.9027
SinequaR1_2,27,0.7522
SinequaR1_2,28,0.871
SinequaR1_2,29,0.578
SinequaR1_2,30,0.9969
T5R1,1,0.3029
T5R1,2,0.995
T5R1,3,0.0078
T5R1,4,0.75
T5R1,5,0.0391
T5R1,6,0.8547
T5R1,7,0.6922
T5R1,8,0.2521
T5R1,9,0.8369
T5R1,10,0.9922
T5R1,11,0.3867
T5R1,12,0.9562
T5R1,13,0.9107
T5R1,14,0.376
T5R1,15,0.7812
T5R1,16,0.8633
T5R1,17,0.8079
T5R1,18,0.7473
T5R1,19,0.5
T5R1,20,0.9625
T5R1,21,0.498
T5R1,22,0.9046
T5R1,23,0.6486
T5R1,24,0.9862
T5R1,25,0.9999
T5R1,26,0.9943
T5R1,27,0.9744
T5R1,28,0.8115
T5R1,29,0.8996
T5R1,30,0.9987
T5R3,1,0.7861
T5R3,2,0.9645
T5R3,3,0.2657
T5R3,4,0.5
T5R3,5,0.7501
T5R3,6,0.8424
T5R3,7,0.8612
T5R3,8,0.5
T5R3,9,0.8389
T5R3,10,0.9843
T5R3,11,0.5325
T5R3,12,0.2105
T5R3,13,0.7833
T5R3,14,0.5631
T5R3,15,0.8125
T5R3,16,0.7482
T5R3,17,0.7053
T5R3,18,0.997
T5R3,19,0.25
T5R3,20,0.9909
T5R3,21,0.9988
T5R3,22,0.3576
T5R3,23,0.7207
T5R3,24,0.993
T5R3,25,0.125
T5R3,26,0.8273
T5R3,27,0.967
T5R3,28,0.9936
T5R3,29,0.7821
T5R3,30,0.9801
TU_Vienna_TKL_1,1,0.2856
TU_Vienna_TKL_1,2,0.7441
TU_Vienna_TKL_1,3,0.2384
TU_Vienna_TKL_1,4,0.1299
TU_Vienna_TKL_1,5,0.1333
TU_Vienna_TKL_1,6,0.2778
TU_Vienna_TKL_1,7,0.583
TU_Vienna_TKL_1,8,0.5033
TU_Vienna_TKL_1,9,0.5728
TU_Vienna_TKL_1,10,0.9531
TU_Vienna_TKL_1,11,0.1421
TU_Vienna_TKL_1,12,0.993
TU_Vienna_TKL_1,13,0.7972
TU_Vienna_TKL_1,14,0.1002
TU_Vienna_TKL_1,15,0.3594
TU_Vienna_TKL_1,16,0.1643
TU_Vienna_TKL_1,17,0.9231
TU_Vienna_TKL_1,18,0.9851
TU_Vienna_TKL_1,19,0.5938
TU_Vienna_TKL_1,20,0.9068
TU_Vienna_TKL_1,21,0.0157
TU_Vienna_TKL_1,22,0.6939
TU_Vienna_TKL_1,23,0.375
TU_Vienna_TKL_1,24,0.9567
TU_Vienna_TKL_1,25,0.5596
TU_Vienna_TKL_1,26,0.187
TU_Vienna_TKL_1,27,0.1914
TU_Vienna_TKL_1,28,0.781
TU_Vienna_TKL_1,29,0.8744
TU_Vienna_TKL_1,30,0.8188
TU_Vienna_TKL_2,1,0.0656
TU_Vienna_TKL_2,2,0.0318
TU_Vienna_TKL_2,3,0.8907
TU_Vienna_TKL_2,4,0.0054
TU_Vienna_TKL_2,5,0.6875
TU_Vienna_TKL_2,6,0.3763
TU_Vienna_TKL_2,7,0.5625
TU_Vienna_TKL_2,8,0.0316
TU_Vienna_TKL_2,9,0.9761
TU_Vienna_TKL_2,10,0.998
TU_Vienna_TKL_2,11,0.0079
TU_Vienna_TKL_2,12,0.7497
TU_Vienna_TKL_2,13,0.1494
TU_Vienna_TKL_2,14,0.2249
TU_Vienna_TKL_2,15,0.1953
TU_Vienna_TKL_2,16,0.4067
TU_Vienna_TKL_2,17,0.5704
TU_Vienna_TKL_2,18,0.8924
TU_Vienna_TKL_2,19,1e-04
TU_Vienna_TKL_2,20,0.8497
TU_Vienna_TKL_2,21,0.0667
TU_Vienna_TKL_2,22,0.4976
TU_Vienna_TKL_2,23,0.9434
TU_Vienna_TKL_2,24,0.9956
TU_Vienna_TKL_2,25,0.7501
TU_Vienna_TKL_2,26,0.0568
TU_Vienna_TKL_2,27,0.0781
TU_Vienna_TKL_2,28,0.9997
TU_Vienna_TKL_2,29,0.9908
TU_Vienna_TKL_2,30,0.3667
Technion-JPD,1,0.3684
Technion-JPD,2,0.3486
Technion-JPD,3,5e-04
Technion-JPD,4,0.0022
Technion-JPD,5,0.5196
Technion-JPD,6,0.9201
Technion-JPD,7,0.51
Technion-JPD,8,0.0078
Technion-JPD,9,0.8555
Technion-JPD,10,0.9989
Technion-JPD,11,0.5
Technion-JPD,12,0.9967
Technion-JPD,13,0.6685
Technion-JPD,14,0.8828
Technion-JPD,15,0.501
Technion-JPD,16,0.732
Technion-JPD,17,0.9598
Technion-JPD,18,0.8649
Technion-JPD,19,0.6617
Technion-JPD,20,0.0235
Technion-JPD,21,0.7344
Technion-JPD,22,0.9712
Technion-JPD,23,0.8445
Technion-JPD,24,0.8129
Technion-JPD,25,0.1602
Technion-JPD,26,0.7667
Technion-JPD,27,0.9271
Technion-JPD,28,0.874
Technion-JPD,29,0.9951
Technion-JPD,30,0.9951
Technion-MEDMM,1,0.2405
Technion-MEDMM,2,0.8466
Technion-MEDMM,3,0.0627
Technion-MEDMM,4,0
Technion-MEDMM,5,0.0029
Technion-MEDMM,6,0.9966
Technion-MEDMM,7,0.385
Technion-MEDMM,8,0
Technion-MEDMM,9,0.7115
Technion-MEDMM,10,0.998
Technion-MEDMM,11,0.506
Technion-MEDMM,12,0.9868
Technion-MEDMM,13,0.4392
Technion-MEDMM,14,0.8995
Technion-MEDMM,15,0.2511
Technion-MEDMM,16,0.5592
Technion-MEDMM,17,0.9988
Technion-MEDMM,18,0.835
Technion-MEDMM,19,0.8487
Technion-MEDMM,20,0.1272
Technion-MEDMM,21,0.43
Technion-MEDMM,22,0.9301
Technion-MEDMM,23,0.7463
Technion-MEDMM,24,0.9754
Technion-MEDMM,25,0.6431
Technion-MEDMM,26,0.7517
Technion-MEDMM,27,0.936
Technion-MEDMM,28,0.9335
Technion-MEDMM,29,0.863
Technion-MEDMM,30,0.9829
Technion-RRF,1,0.4808
Technion-RRF,2,0.9415
Technion-RRF,3,0.0156
Technion-RRF,4,2e-04
Technion-RRF,5,0.1328
Technion-RRF,6,0.9448
Technion-RRF,7,0.5435
Technion-RRF,8,0.002
Technion-RRF,9,0.8243
Technion-RRF,10,0.9922
Technion-RRF,11,0.2559
Technion-RRF,12,0.9962
Technion-RRF,13,0.5577
Technion-RRF,14,0.9063
Technion-RRF,15,0.5042
Technion-RRF,16,0.7288
Technion-RRF,17,0.9958
Technion-RRF,18,0.8431
Technion-RRF,19,0.6837
Technion-RRF,20,0.0664
Technion-RRF,21,0.5953
Technion-RRF,22,0.9571
Technion-RRF,23,0.915
Technion-RRF,24,0.9221
Technion-RRF,25,0.2622
Technion-RRF,26,0.7502
Technion-RRF,27,0.9217
Technion-RRF,28,0.7499
Technion-RRF,29,0.9828
Technion-RRF,30,0.9684
UB_NLP_RUN_1,1,2e-04
UB_NLP_RUN_1,2,0.0024
UB_NLP_RUN_1,3,0.125
UB_NLP_RUN_1,4,0.0547
UB_NLP_RUN_1,5,0.4378
UB_NLP_RUN_1,6,0.7268
UB_NLP_RUN_1,7,0.7501
UB_NLP_RUN_1,8,0.094
UB_NLP_RUN_1,9,0.6875
UB_NLP_RUN_1,10,0.7995
UB_NLP_RUN_1,11,0.0081
UB_NLP_RUN_1,12,0.6099
UB_NLP_RUN_1,13,0.7269
UB_NLP_RUN_1,14,0.001
UB_NLP_RUN_1,15,0.1329
UB_NLP_RUN_1,16,0.7954
UB_NLP_RUN_1,17,0.6611
UB_NLP_RUN_1,18,0.0088
UB_NLP_RUN_1,19,0.0625
UB_NLP_RUN_1,20,0.0625
UB_NLP_RUN_1,21,0.2502
UB_NLP_RUN_1,22,0.9852
UB_NLP_RUN_1,23,0.0361
UB_NLP_RUN_1,24,0.0313
UB_NLP_RUN_1,25,0.7422
UB_NLP_RUN_1,26,0.4065
UB_NLP_RUN_1,27,0.3125
UB_NLP_RUN_1,28,0.375
UB_NLP_RUN_1,29,0.8051
UB_NLP_RUN_1,30,4e-04
UIUC_DMG_setrank,1,0.7603
UIUC_DMG_setrank,2,0.5001
UIUC_DMG_setrank,3,0.5989
UIUC_DMG_setrank,4,0.0736
UIUC_DMG_setrank,5,0.4771
UIUC_DMG_setrank,6,0.6484
UIUC_DMG_setrank,7,0.9648
UIUC_DMG_setrank,8,0.1259
UIUC_DMG_setrank,9,0.969
UIUC_DMG_setrank,10,0.9998
UIUC_DMG_setrank,11,0.129
UIUC_DMG_setrank,12,0.996
UIUC_DMG_setrank,13,0.0869
UIUC_DMG_setrank,14,0.8145
UIUC_DMG_setrank,15,0.5
UIUC_DMG_setrank,16,0.0078
UIUC_DMG_setrank,17,0.984
UIUC_DMG_setrank,18,0.9387
UIUC_DMG_setrank,19,0.501
UIUC_DMG_setrank,20,0.96
UIUC_DMG_setrank,21,0.7836
UIUC_DMG_setrank,22,0.628
UIUC_DMG_setrank,23,0.9747
UIUC_DMG_setrank,24,0.9193
UIUC_DMG_setrank,25,0.055
UIUC_DMG_setrank,26,0.6148
UIUC_DMG_setrank,27,0.3088
UIUC_DMG_setrank,28,0.9997
UIUC_DMG_setrank,29,0.4205
UIUC_DMG_setrank,30,0.9988
UIUC_DMG_setrank_re,1,0.8966
UIUC_DMG_setrank_re,2,0.7505
UIUC_DMG_setrank_re,3,0.9143
UIUC_DMG_setrank_re,4,0.1199
UIUC_DMG_setrank_re,5,0.0156
UIUC_DMG_setrank_re,6,0.9941
UIUC_DMG_setrank_re,7,0.963
UIUC_DMG_setrank_re,8,0.2034
UIUC_DMG_setrank_re,9,0.985
UIUC_DMG_setrank_re,10,0.9999
UIUC_DMG_setrank_re,11,0.5627
UIUC_DMG_setrank_re,12,0.9975
UIUC_DMG_setrank_re,13,0.3438
UIUC_DMG_setrank_re,14,0.7266
UIUC_DMG_setrank_re,15,0.0469
UIUC_DMG_setrank_re,16,0.0782
UIUC_DMG_setrank_re,17,0.9961
UIUC_DMG_setrank_re,18,0.9965
UIUC_DMG_setrank_re,19,0.5078
UIUC_DMG_setrank_re,20,0.9367
UIUC_DMG_setrank_re,21,0.9374
UIUC_DMG_setrank_re,22,0.5387
UIUC_DMG_setrank_re,23,0.9923
UIUC_DMG_setrank_re,24,0.9608
UIUC_DMG_setrank_re,25,0.2773
UIUC_DMG_setrank_re,26,0.9511
UIUC_DMG_setrank_re,27,0.997
UIUC_DMG_setrank_re,28,0.996
UIUC_DMG_setrank_re,29,0.7156
UIUC_DMG_setrank_re,30,0.9989
UIUC_DMG_setrank_ret,1,0.9924
UIUC_DMG_setrank_ret,2,0.8523
UIUC_DMG_setrank_ret,3,0.9453
UIUC_DMG_setrank_ret,4,0.9771
UIUC_DMG_setrank_ret,5,0.1888
UIUC_DMG_setrank_ret,6,0.9998
UIUC_DMG_setrank_ret,7,0.7168
UIUC_DMG_setrank_ret,8,0.3679
UIUC_DMG_setrank_ret,9,0.998
UIUC_DMG_setrank_ret,10,0.9999
UIUC_DMG_setrank_ret,11,0.1096
UIUC_DMG_setrank_ret,12,0.4999
UIUC_DMG_setrank_ret,13,0.6484
UIUC_DMG_setrank_ret,14,0.4494
UIUC_DMG_setrank_ret,15,0.2666
UIUC_DMG_setrank_ret,16,0.1252
UIUC_DMG_setrank_ret,17,0.9374
UIUC_DMG_setrank_ret,18,0.9986
UIUC_DMG_setrank_ret,19,0.2656
UIUC_DMG_setrank_ret,20,0.619
UIUC_DMG_setrank_ret,21,0.9996
UIUC_DMG_setrank_ret,22,0.5311
UIUC_DMG_setrank_ret,23,0.9976
UIUC_DMG_setrank_ret,24,0.748
UIUC_DMG_setrank_ret,25,0.164
UIUC_DMG_setrank_ret,26,0.9992
UIUC_DMG_setrank_ret,27,0.9917
UIUC_DMG_setrank_ret,28,0.9687
UIUC_DMG_setrank_ret,29,0.8887
UIUC_DMG_setrank_ret,30,0.999
UIowaS_Run1,1,0.9889
UIowaS_Run1,2,0.7017
UIowaS_Run1,3,0.09
UIowaS_Run1,4,0.1563
UIowaS_Run1,5,0.486
UIowaS_Run1,6,0.7167
UIowaS_Run1,7,0.2054
UIowaS_Run1,8,0.002
UIowaS_Run1,9,0
UIowaS_Run1,10,1
UIowaS_Run1,11,0.75
UIowaS_Run1,12,0.7757
UIowaS_Run1,13,0.0081
UIowaS_Run1,14,0.2479
UIowaS_Run1,15,0.9326
UIowaS_Run1,16,0.4973
UIowaS_Run1,17,0.9686
UIowaS_Run1,18,0.8502
UIowaS_Run1,19,0
UIowaS_Run1,20,0.9387
UIowaS_Run1,21,0.9993
UIowaS_Run1,22,0.9903
UIowaS_Run1,23,0.9346
UIowaS_Run1,24,0.3894
UIowaS_Run1,25,0.3287
UIowaS_Run1,26,0.903
UIowaS_Run1,27,0.6491
UIowaS_Run1,28,0.998
UIowaS_Run1,29,0.9518
UIowaS_Run1,30,0.9994
UIowaS_Run2,1,0.9735
UIowaS_Run2,2,0.7385
UIowaS_Run2,3,0.0083
UIowaS_Run2,4,0.2578
UIowaS_Run2,5,0.6594
UIowaS_Run2,6,0.7328
UIowaS_Run2,7,0.395
UIowaS_Run2,8,0.001
UIowaS_Run2,9,0
UIowaS_Run2,10,1
UIowaS_Run2,11,0.2813
UIowaS_Run2,12,0.7299
UIowaS_Run2,13,0.0044
UIowaS_Run2,14,0.7303
UIowaS_Run2,15,0.962
UIowaS_Run2,16,0.4954
UIowaS_Run2,17,0.9955
UIowaS_Run2,18,0.872
UIowaS_Run2,19,0.0313
UIowaS_Run2,20,0.9376
UIowaS_Run2,21,0.9918
UIowaS_Run2,22,0.941
UIowaS_Run2,23,0.9805
UIowaS_Run2,24,0.2107
UIowaS_Run2,25,0.1928
UIowaS_Run2,26,0.9836
UIowaS_Run2,27,0.493
UIowaS_Run2,28,0.9838
UIowaS_Run2,29,0.9581
UIowaS_Run2,30,0.9998
UIowaS_Run3,1,0.8369
UIowaS_Run3,2,0.7488
UIowaS_Run3,3,0.0137
UIowaS_Run3,4,0.0322
UIowaS_Run3,5,0.4925
UIowaS_Run3,6,0.9774
UIowaS_Run3,7,0.9144
UIowaS_Run3,8,0.001
UIowaS_Run3,9,0
UIowaS_Run3,10,1
UIowaS_Run3,11,0.375
UIowaS_Run3,12,0.7306
UIowaS_Run3,13,0.0098
UIowaS_Run3,14,0.9177
UIowaS_Run3,15,0.9861
UIowaS_Run3,16,0.493
UIowaS_Run3,17,0.7499
UIowaS_Run3,18,0.8724
UIowaS_Run3,19,0.0625
UIowaS_Run3,20,0.9688
UIowaS_Run3,21,0.9918
UIowaS_Run3,22,0.4658
UIowaS_Run3,23,0.9591
UIowaS_Run3,24,0.4018
UIowaS_Run3,25,0.1764
UIowaS_Run3,26,0.9957
UIowaS_Run3,27,0.9371
UIowaS_Run3,28,0.9687
UIowaS_Run3,29,0.9347
UIowaS_Run3,30,0.998
UP-cqqrnd1,1,0.3165
UP-cqqrnd1,2,0.3321
UP-cqqrnd1,3,3e-04
UP-cqqrnd1,4,7e-04
UP-cqqrnd1,5,0.3772
UP-cqqrnd1,6,0.9843
UP-cqqrnd1,7,0.4141
UP-cqqrnd1,8,1e-04
UP-cqqrnd1,9,0
UP-cqqrnd1,10,0.4976
UP-cqqrnd1,11,0.0338
UP-cqqrnd1,12,0.8279
UP-cqqrnd1,13,0.3346
UP-cqqrnd1,14,0.9205
UP-cqqrnd1,15,0.8789
UP-cqqrnd1,16,0.9745
UP-cqqrnd1,17,0.9648
UP-cqqrnd1,18,0.9006
UP-cqqrnd1,19,0.8928
UP-cqqrnd1,20,0.5159
UP-cqqrnd1,21,0.7833
UP-cqqrnd1,22,0.9541
UP-cqqrnd1,23,0.997
UP-cqqrnd1,24,0.9912
UP-cqqrnd1,25,0.9895
UP-cqqrnd1,26,0.7066
UP-cqqrnd1,27,0.936
UP-cqqrnd1,28,0.75
UP-cqqrnd1,29,0.9609
UP-cqqrnd1,30,0.9998
UP-rrf5rnd1,1,0.2813
UP-rrf5rnd1,2,0.5031
UP-rrf5rnd1,3,0.0628
UP-rrf5rnd1,4,0.5003
UP-rrf5rnd1,5,0.9445
UP-rrf5rnd1,6,0.4668
UP-rrf5rnd1,7,0.457
UP-rrf5rnd1,8,0.5364
UP-rrf5rnd1,9,0.3607
UP-rrf5rnd1,10,0.4999
UP-rrf5rnd1,11,0.8013
UP-rrf5rnd1,12,0.995
UP-rrf5rnd1,13,0.7428
UP-rrf5rnd1,14,0.9605
UP-rrf5rnd1,15,0.625
UP-rrf5rnd1,16,0.9888
UP-rrf5rnd1,17,0.9684
UP-rrf5rnd1,18,0.6599
UP-rrf5rnd1,19,0
UP-rrf5rnd1,20,0.9937
UP-rrf5rnd1,21,0.7036
UP-rrf5rnd1,22,0.7427
UP-rrf5rnd1,23,0.9212
UP-rrf5rnd1,24,0.9968
UP-rrf5rnd1,25,0.9144
UP-rrf5rnd1,26,0.9898
UP-rrf5rnd1,27,0.7449
UP-rrf5rnd1,28,0.4997
UP-rrf5rnd1,29,0.9971
UP-rrf5rnd1,30,1
UP-sdqrnd1,1,0.3363
UP-sdqrnd1,2,0.6368
UP-sdqrnd1,3,0.0081
UP-sdqrnd1,4,0.125
UP-sdqrnd1,5,0.0625
UP-sdqrnd1,6,0.8275
UP-sdqrnd1,7,0.1094
UP-sdqrnd1,8,0
UP-sdqrnd1,9,0.5569
UP-sdqrnd1,10,0.875
UP-sdqrnd1,11,0.0098
UP-sdqrnd1,12,0.791
UP-sdqrnd1,13,0.5323
UP-sdqrnd1,14,0.7318
UP-sdqrnd1,15,0.8779
UP-sdqrnd1,16,0.6793
UP-sdqrnd1,17,0.9353
UP-sdqrnd1,18,0.9791
UP-sdqrnd1,19,0.9113
UP-sdqrnd1,20,0.2974
UP-sdqrnd1,21,0.3323
UP-sdqrnd1,22,0.8452
UP-sdqrnd1,23,0.9014
UP-sdqrnd1,24,0.7388
UP-sdqrnd1,25,0.5396
UP-sdqrnd1,26,0.7501
UP-sdqrnd1,27,0.8688
UP-sdqrnd1,28,0.9843
UP-sdqrnd1,29,0.9516
UP-sdqrnd1,30,1
azimiv_wk1,1,0.9655
azimiv_wk1,2,0.005
azimiv_wk1,3,0.0323
azimiv_wk1,4,0.7828
azimiv_wk1,5,0.991
azimiv_wk1,6,0.4977
azimiv_wk1,7,0.9039
azimiv_wk1,8,0.0156
azimiv_wk1,9,0.837
azimiv_wk1,10,1
azimiv_wk1,11,0.378
azimiv_wk1,12,1
azimiv_wk1,13,0.1115
azimiv_wk1,14,0.7578
azimiv_wk1,15,0.1411
azimiv_wk1,16,0.3017
azimiv_wk1,17,0.9987
azimiv_wk1,18,0.9677
azimiv_wk1,19,0.0088
azimiv_wk1,20,0.5938
azimiv_wk1,21,0.9985
azimiv_wk1,22,0.7179
azimiv_wk1,23,0.8605
azimiv_wk1,24,0.5861
azimiv_wk1,25,0.0034
azimiv_wk1,26,0.9916
azimiv_wk1,27,0.8593
azimiv_wk1,28,0.9959
azimiv_wk1,29,0.9962
azimiv_wk1,30,0.9682
base.unipd.it,1,0.8484
base.unipd.it,2,0.1876
base.unipd.it,3,0.9767
base.unipd.it,4,0.5731
base.unipd.it,5,0.9807
base.unipd.it,6,0.8734
base.unipd.it,7,0.8567
base.unipd.it,8,0.1565
base.unipd.it,9,0.9376
base.unipd.it,10,1
base.unipd.it,11,0.7719
base.unipd.it,12,0.9999
base.unipd.it,13,0.9962
base.unipd.it,14,0.9922
base.unipd.it,15,0.5
base.unipd.it,16,0.4819
base.unipd.it,17,0.9683
base.unipd.it,18,0.5254
base.unipd.it,19,0.6565
base.unipd.it,20,0.5547
base.unipd.it,21,0.7891
base.unipd.it,22,0.9907
base.unipd.it,23,0.9553
base.unipd.it,24,0.9972
base.unipd.it,25,0.1958
base.unipd.it,26,0.8855
base.unipd.it,27,0.9993
base.unipd.it,28,0.8414
base.unipd.it,29,0.9803
base.unipd.it,30,0.9973
baseline,1,0.7418
baseline,2,0.1743
baseline,3,0.6719
baseline,4,0.6406
baseline,5,0
baseline,6,0.9974
baseline,7,0.3191
baseline,8,0
baseline,9,0.0782
baseline,10,0.9997
baseline,11,0.8281
baseline,12,0.8458
baseline,13,0.9346
baseline,14,0.666
baseline,15,0
baseline,16,0.3266
baseline,17,0.9296
baseline,18,0.996
baseline,19,0.8557
baseline,20,0.4443
baseline,21,0.4747
baseline,22,0.6637
baseline,23,0.9854
baseline,24,0.4189
baseline,25,0
baseline,26,0.3519
baseline,27,0.1602
baseline,28,0.9844
baseline,29,0.9994
baseline,30,0.9804
bm25_baseline,1,0.9063
bm25_baseline,2,0.7437
bm25_baseline,3,0.9463
bm25_baseline,4,0.5
bm25_baseline,5,0.1426
bm25_baseline,6,0.7462
bm25_baseline,7,0.9942
bm25_baseline,8,0.5314
bm25_baseline,9,0.2813
bm25_baseline,10,0.9976
bm25_baseline,11,0.2891
bm25_baseline,12,0.6592
bm25_baseline,13,0.5693
bm25_baseline,14,0.043
bm25_baseline,15,0
bm25_baseline,16,0.2891
bm25_baseline,17,0.9942
bm25_baseline,18,0.7075
bm25_baseline,19,0.5
bm25_baseline,20,0.9688
bm25_baseline,21,0.8528
bm25_baseline,22,0.096
bm25_baseline,23,0.7188
bm25_baseline,24,0.336
bm25_baseline,25,0.8909
bm25_baseline,26,0.4165
bm25_baseline,27,0.5983
bm25_baseline,28,0.9342
bm25_baseline,29,0.6866
bm25_baseline,30,0.9571
bm25_basline,1,0.9063
bm25_basline,2,0.7437
bm25_basline,3,0.9463
bm25_basline,4,0.5
bm25_basline,5,0.0083
bm25_basline,6,0.7462
bm25_basline,7,0.9942
bm25_basline,8,0.5314
bm25_basline,9,0.0312
bm25_basline,10,0.9976
bm25_basline,11,0.2891
bm25_basline,12,0.6592
bm25_basline,13,0.5693
bm25_basline,14,0.043
bm25_basline,15,0
bm25_basline,16,0.2891
bm25_basline,17,0.9942
bm25_basline,18,0.7075
bm25_basline,19,0.5
bm25_basline,20,0.001
bm25_basline,21,0.8528
bm25_basline,22,0.096
bm25_basline,23,0.7188
bm25_basline,24,0.336
bm25_basline,25,0.8909
bm25_basline,26,0.4165
bm25_basline,27,0.5983
bm25_basline,28,0.9342
bm25_basline,29,0.6866
bm25_basline,30,0.9571
bm25t5,1,0.9354
bm25t5,2,0.0459
bm25t5,3,0.002
bm25t5,4,0.0352
bm25t5,5,0.9685
bm25t5,6,0.6596
bm25t5,7,0.9244
bm25t5,8,0.012
bm25t5,9,0.6289
bm25t5,10,1
bm25t5,11,0.5938
bm25t5,12,1
bm25t5,13,0.8952
bm25t5,14,0.4583
bm25t5,15,0.8532
bm25t5,16,0.1072
bm25t5,17,0.4991
bm25t5,18,0.7812
bm25t5,19,0.0782
bm25t5,20,0.0186
bm25t5,21,0.9831
bm25t5,22,0.9494
bm25t5,23,0.6738
bm25t5,24,0.5235
bm25t5,25,0.2776
bm25t5,26,0.9949
bm25t5,27,0.6575
bm25t5,28,0.9637
bm25t5,29,0.9979
bm25t5,30,0.9997
crowd1,1,0.1049
crowd1,2,0.9777
crowd1,3,0.0353
crowd1,4,0.0626
crowd1,5,0.6328
crowd1,6,0.8436
crowd1,7,0.7852
crowd1,8,0
crowd1,9,0.7437
crowd1,10,0.9998
crowd1,11,0.4063
crowd1,12,0.9871
crowd1,13,0.6873
crowd1,14,0.7433
crowd1,15,0.8203
crowd1,16,0.5463
crowd1,17,0.9883
crowd1,18,0.9639
crowd1,19,0.5711
crowd1,20,0.9709
crowd1,21,0.9836
crowd1,22,0.9242
crowd1,23,0.9916
crowd1,24,0.9906
crowd1,25,0.9535
crowd1,26,0.8385
crowd1,27,0.9964
crowd1,28,0.9218
crowd1,29,0.9519
crowd1,30,0.9998
crowd2,1,0.2158
crowd2,2,0.9875
crowd2,3,0.0646
crowd2,4,0.752
crowd2,5,0.5664
crowd2,6,0.8906
crowd2,7,0
crowd2,8,0.5
crowd2,9,0.8336
crowd2,10,0.998
crowd2,11,0.3165
crowd2,12,0.9936
crowd2,13,0.87
crowd2,14,0.7483
crowd2,15,0.8867
crowd2,16,0.5584
crowd2,17,0.9667
crowd2,18,0.9681
crowd2,19,0.8149
crowd2,20,0.9148
crowd2,21,0.7468
crowd2,22,0.9039
crowd2,23,0.936
crowd2,24,0.9671
crowd2,25,0.963
crowd2,26,0.862
crowd2,27,0.9899
crowd2,28,0.8125
crowd2,29,0.9452
crowd2,30,0.9987
cu_dbmi_bm25_1,1,0.9793
cu_dbmi_bm25_1,2,0.8454
cu_dbmi_bm25_1,3,0.6563
cu_dbmi_bm25_1,4,0.8799
cu_dbmi_bm25_1,5,0.7228
cu_dbmi_bm25_1,6,0.9945
cu_dbmi_bm25_1,7,0.9638
cu_dbmi_bm25_1,8,0
cu_dbmi_bm25_1,9,0.8506
cu_dbmi_bm25_1,10,1
cu_dbmi_bm25_1,11,0.75
cu_dbmi_bm25_1,12,0.9991
cu_dbmi_bm25_1,13,0.7165
cu_dbmi_bm25_1,14,0.3452
cu_dbmi_bm25_1,15,0.625
cu_dbmi_bm25_1,16,0.5635
cu_dbmi_bm25_1,17,0.9921
cu_dbmi_bm25_1,18,0.8794
cu_dbmi_bm25_1,19,0
cu_dbmi_bm25_1,20,0.9758
cu_dbmi_bm25_1,21,0.9969
cu_dbmi_bm25_1,22,0.9269
cu_dbmi_bm25_1,23,0.704
cu_dbmi_bm25_1,24,0.4737
cu_dbmi_bm25_1,25,0.7496
cu_dbmi_bm25_1,26,0.4685
cu_dbmi_bm25_1,27,0.8859
cu_dbmi_bm25_1,28,0.9995
cu_dbmi_bm25_1,29,0.9914
cu_dbmi_bm25_1,30,0.999
cu_dbmi_bm25_2,1,0.9492
cu_dbmi_bm25_2,2,0.8287
cu_dbmi_bm25_2,3,0.6406
cu_dbmi_bm25_2,4,0.8936
cu_dbmi_bm25_2,5,0.7925
cu_dbmi_bm25_2,6,0.993
cu_dbmi_bm25_2,7,0.9363
cu_dbmi_bm25_2,8,0.0958
cu_dbmi_bm25_2,9,0.9937
cu_dbmi_bm25_2,10,1
cu_dbmi_bm25_2,11,0.9297
cu_dbmi_bm25_2,12,0.9937
cu_dbmi_bm25_2,13,0.9827
cu_dbmi_bm25_2,14,0.3203
cu_dbmi_bm25_2,15,0.5156
cu_dbmi_bm25_2,16,0.6328
cu_dbmi_bm25_2,17,0.9994
cu_dbmi_bm25_2,18,0.875
cu_dbmi_bm25_2,19,0
cu_dbmi_bm25_2,20,0.9639
cu_dbmi_bm25_2,21,0.9961
cu_dbmi_bm25_2,22,0.9594
cu_dbmi_bm25_2,23,0.2745
cu_dbmi_bm25_2,24,0.2517
cu_dbmi_bm25_2,25,0.8734
cu_dbmi_bm25_2,26,0.9526
cu_dbmi_bm25_2,27,0.9156
cu_dbmi_bm25_2,28,0.9989
cu_dbmi_bm25_2,29,0.9984
cu_dbmi_bm25_2,30,0.9844
dmis-rnd1-run1,1,0.1583
dmis-rnd1-run1,2,0
dmis-rnd1-run1,3,0.6262
dmis-rnd1-run1,4,0.38
dmis-rnd1-run1,5,0.7416
dmis-rnd1-run1,6,0.0627
dmis-rnd1-run1,7,0.8752
dmis-rnd1-run1,8,0.3597
dmis-rnd1-run1,9,0.8828
dmis-rnd1-run1,10,0.9913
dmis-rnd1-run1,11,0.7501
dmis-rnd1-run1,12,0.9963
dmis-rnd1-run1,13,0.7433
dmis-rnd1-run1,14,0.5938
dmis-rnd1-run1,15,0.6719
dmis-rnd1-run1,16,0.75
dmis-rnd1-run1,17,0.918
dmis-rnd1-run1,18,0.5026
dmis-rnd1-run1,19,0.5
dmis-rnd1-run1,20,0.4536
dmis-rnd1-run1,21,0.9778
dmis-rnd1-run1,22,0.7565
dmis-rnd1-run1,23,0.4727
dmis-rnd1-run1,24,0.5244
dmis-rnd1-run1,25,0.7541
dmis-rnd1-run1,26,0.4834
dmis-rnd1-run1,27,0.1915
dmis-rnd1-run1,28,0.9896
dmis-rnd1-run1,29,0.9883
dmis-rnd1-run1,30,0.9776
dmis-rnd1-run2,1,0.9063
dmis-rnd1-run2,2,0
dmis-rnd1-run2,3,0.7969
dmis-rnd1-run2,4,0.6934
dmis-rnd1-run2,5,0.2672
dmis-rnd1-run2,6,0.9614
dmis-rnd1-run2,7,0.0215
dmis-rnd1-run2,8,0
dmis-rnd1-run2,9,0.5
dmis-rnd1-run2,10,0.9843
dmis-rnd1-run2,11,0.0625
dmis-rnd1-run2,12,0.7539
dmis-rnd1-run2,13,0.0707
dmis-rnd1-run2,14,0.75
dmis-rnd1-run2,15,0.5
dmis-rnd1-run2,16,0.75
dmis-rnd1-run2,17,0.966
dmis-rnd1-run2,18,0.2979
dmis-rnd1-run2,19,0.0078
dmis-rnd1-run2,20,0.5161
dmis-rnd1-run2,21,0.0723
dmis-rnd1-run2,22,0.7505
dmis-rnd1-run2,23,0.0566
dmis-rnd1-run2,24,0.002
dmis-rnd1-run2,25,0.625
dmis-rnd1-run2,26,0.971
dmis-rnd1-run2,27,0
dmis-rnd1-run2,28,0.625
dmis-rnd1-run2,29,0.9221
dmis-rnd1-run2,30,0.9631
dmis-rnd1-run3,1,0.9063
dmis-rnd1-run3,2,0
dmis-rnd1-run3,3,0.1914
dmis-rnd1-run3,4,0.6934
dmis-rnd1-run3,5,0.92
dmis-rnd1-run3,6,0.9614
dmis-rnd1-run3,7,0.8752
dmis-rnd1-run3,8,0.6797
dmis-rnd1-run3,9,0.8828
dmis-rnd1-run3,10,0.9913
dmis-rnd1-run3,11,0.7501
dmis-rnd1-run3,12,0.9963
dmis-rnd1-run3,13,0.7433
dmis-rnd1-run3,14,0.5
dmis-rnd1-run3,15,0.6719
dmis-rnd1-run3,16,0.75
dmis-rnd1-run3,17,0.966
dmis-rnd1-run3,18,0.0474
dmis-rnd1-run3,19,0.25
dmis-rnd1-run3,20,0.5161
dmis-rnd1-run3,21,0.9778
dmis-rnd1-run3,22,0.7565
dmis-rnd1-run3,23,0.4727
dmis-rnd1-run3,24,0.5244
dmis-rnd1-run3,25,0.625
dmis-rnd1-run3,26,0.9224
dmis-rnd1-run3,27,0.627
dmis-rnd1-run3,28,0.4375
dmis-rnd1-run3,29,0.9883
dmis-rnd1-run3,30,0.9776
elhuyar_indri,1,0.2537
elhuyar_indri,2,0.7042
elhuyar_indri,3,0.9454
elhuyar_indri,4,0.0782
elhuyar_indri,5,0.4553
elhuyar_indri,6,0.5752
elhuyar_indri,7,0.0703
elhuyar_indri,8,0.5059
elhuyar_indri,9,0.4454
elhuyar_indri,10,0.9839
elhuyar_indri,11,0.0234
elhuyar_indri,12,0.9562
elhuyar_indri,13,0.7661
elhuyar_indri,14,0.6016
elhuyar_indri,15,0.9109
elhuyar_indri,16,0.8828
elhuyar_indri,17,0.4926
elhuyar_indri,18,0.9938
elhuyar_indri,19,0.001
elhuyar_indri,20,0.9302
elhuyar_indri,21,0.7734
elhuyar_indri,22,0.6455
elhuyar_indri,23,0.0042
elhuyar_indri,24,0.8223
elhuyar_indri,25,0.6981
elhuyar_indri,26,0.3003
elhuyar_indri,27,0.8519
elhuyar_indri,28,0.9661
elhuyar_indri,29,0.4999
elhuyar_indri,30,0.9999
elhuyar_rRnk_cbert,1,0.2532
elhuyar_rRnk_cbert,2,0.7862
elhuyar_rRnk_cbert,3,0.9004
elhuyar_rRnk_cbert,4,0.1571
elhuyar_rRnk_cbert,5,0.7041
elhuyar_rRnk_cbert,6,0.9465
elhuyar_rRnk_cbert,7,0.0905
elhuyar_rRnk_cbert,8,0.2676
elhuyar_rRnk_cbert,9,0.3927
elhuyar_rRnk_cbert,10,0.9961
elhuyar_rRnk_cbert,11,0.0938
elhuyar_rRnk_cbert,12,0.9356
elhuyar_rRnk_cbert,13,0.8753
elhuyar_rRnk_cbert,14,0.8438
elhuyar_rRnk_cbert,15,0.9699
elhuyar_rRnk_cbert,16,0.8909
elhuyar_rRnk_cbert,17,0.9609
elhuyar_rRnk_cbert,18,0.9876
elhuyar_rRnk_cbert,19,3e-04
elhuyar_rRnk_cbert,20,0.7437
elhuyar_rRnk_cbert,21,0.9365
elhuyar_rRnk_cbert,22,0.437
elhuyar_rRnk_cbert,23,0.0157
elhuyar_rRnk_cbert,24,0.6722
elhuyar_rRnk_cbert,25,0.8341
elhuyar_rRnk_cbert,26,0.3254
elhuyar_rRnk_cbert,27,0.8626
elhuyar_rRnk_cbert,28,0.9664
elhuyar_rRnk_cbert,29,0.4997
elhuyar_rRnk_cbert,30,0.9995
elhuyar_rRnk_sbert,1,0.248
elhuyar_rRnk_sbert,2,0.6799
elhuyar_rRnk_sbert,3,0.9688
elhuyar_rRnk_sbert,4,0.094
elhuyar_rRnk_sbert,5,0.47
elhuyar_rRnk_sbert,6,0.6387
elhuyar_rRnk_sbert,7,0.0391
elhuyar_rRnk_sbert,8,0.5083
elhuyar_rRnk_sbert,9,0.4688
elhuyar_rRnk_sbert,10,0.9824
elhuyar_rRnk_sbert,11,0.0234
elhuyar_rRnk_sbert,12,0.9191
elhuyar_rRnk_sbert,13,0.7815
elhuyar_rRnk_sbert,14,0.6602
elhuyar_rRnk_sbert,15,0.9083
elhuyar_rRnk_sbert,16,0.8906
elhuyar_rRnk_sbert,17,0.4928
elhuyar_rRnk_sbert,18,0.9935
elhuyar_rRnk_sbert,19,0.0078
elhuyar_rRnk_sbert,20,0.9282
elhuyar_rRnk_sbert,21,0.6162
elhuyar_rRnk_sbert,22,0.5751
elhuyar_rRnk_sbert,23,0.0079
elhuyar_rRnk_sbert,24,0.8839
elhuyar_rRnk_sbert,25,0.6502
elhuyar_rRnk_sbert,26,0.2998
elhuyar_rRnk_sbert,27,0.8049
elhuyar_rRnk_sbert,28,0.9828
elhuyar_rRnk_sbert,29,0.4999
elhuyar_rRnk_sbert,30,0.9999
ielab-prf,1,0.9936
ielab-prf,2,0.75
ielab-prf,3,3e-04
ielab-prf,4,0.004
ielab-prf,5,0
ielab-prf,6,0.6724
ielab-prf,7,0.4915
ielab-prf,8,0
ielab-prf,9,0
ielab-prf,10,0.5396
ielab-prf,11,0.0938
ielab-prf,12,0.9375
ielab-prf,13,0.8262
ielab-prf,14,0.125
ielab-prf,15,0
ielab-prf,16,0.0352
ielab-prf,17,0.1572
ielab-prf,18,0.5001
ielab-prf,19,3e-04
ielab-prf,20,0.4844
ielab-prf,21,0.3125
ielab-prf,22,0.125
ielab-prf,23,0.6251
ielab-prf,24,0
ielab-prf,25,0.0625
ielab-prf,26,0.815
ielab-prf,27,0.8125
ielab-prf,28,0.9102
ielab-prf,29,0.4452
ielab-prf,30,0.8612
ielab-prf.2query.v3,1,0.9654
ielab-prf.2query.v3,2,0.7813
ielab-prf.2query.v3,3,0.875
ielab-prf.2query.v3,4,0.2511
ielab-prf.2query.v3,5,0.4524
ielab-prf.2query.v3,6,0.5535
ielab-prf.2query.v3,7,0.4823
ielab-prf.2query.v3,8,0.2031
ielab-prf.2query.v3,9,0
ielab-prf.2query.v3,10,0.999
ielab-prf.2query.v3,11,0.1251
ielab-prf.2query.v3,12,0.5323
ielab-prf.2query.v3,13,0.6255
ielab-prf.2query.v3,14,0.5894
ielab-prf.2query.v3,15,0.0313
ielab-prf.2query.v3,16,0.0156
ielab-prf.2query.v3,17,0.9921
ielab-prf.2query.v3,18,0.379
ielab-prf.2query.v3,19,0.0034
ielab-prf.2query.v3,20,0.9986
ielab-prf.2query.v3,21,0.019
ielab-prf.2query.v3,22,0.1409
ielab-prf.2query.v3,23,0.7813
ielab-prf.2query.v3,24,0.0962
ielab-prf.2query.v3,25,2e-04
ielab-prf.2query.v3,26,0.8058
ielab-prf.2query.v3,27,0.125
ielab-prf.2query.v3,28,0.9909
ielab-prf.2query.v3,29,0.7449
ielab-prf.2query.v3,30,0.916
ir_covid19_cle_dfr,1,0.6739
ir_covid19_cle_dfr,2,0.131
ir_covid19_cle_dfr,3,0.4619
ir_covid19_cle_dfr,4,0.1563
ir_covid19_cle_dfr,5,0.5645
ir_covid19_cle_dfr,6,0.9824
ir_covid19_cle_dfr,7,0.5178
ir_covid19_cle_dfr,8,0.7503
ir_covid19_cle_dfr,9,0.8052
ir_covid19_cle_dfr,10,0.9944
ir_covid19_cle_dfr,11,0.1339
ir_covid19_cle_dfr,12,0.4966
ir_covid19_cle_dfr,13,0.2657
ir_covid19_cle_dfr,14,0.1945
ir_covid19_cle_dfr,15,0.25
ir_covid19_cle_dfr,16,0.3906
ir_covid19_cle_dfr,17,0.6472
ir_covid19_cle_dfr,18,0.8607
ir_covid19_cle_dfr,19,0.4143
ir_covid19_cle_dfr,20,0.002
ir_covid19_cle_dfr,21,0.4585
ir_covid19_cle_dfr,22,0.3125
ir_covid19_cle_dfr,23,0.4073
ir_covid19_cle_dfr,24,0.0042
ir_covid19_cle_dfr,25,0.0625
ir_covid19_cle_dfr,26,0.4951
ir_covid19_cle_dfr,27,0.9379
ir_covid19_cle_dfr,28,0.9948
ir_covid19_cle_dfr,29,0.8131
ir_covid19_cle_dfr,30,0.9375
ir_covid19_cle_ib,1,0.4398
ir_covid19_cle_ib,2,0.375
ir_covid19_cle_ib,3,0.4473
ir_covid19_cle_ib,4,0.25
ir_covid19_cle_ib,5,0.5315
ir_covid19_cle_ib,6,0.9144
ir_covid19_cle_ib,7,0.0789
ir_covid19_cle_ib,8,0.7506
ir_covid19_cle_ib,9,0.9395
ir_covid19_cle_ib,10,0.9338
ir_covid19_cle_ib,11,0.1255
ir_covid19_cle_ib,12,0.4983
ir_covid19_cle_ib,13,0.0332
ir_covid19_cle_ib,14,0.2857
ir_covid19_cle_ib,15,0.25
ir_covid19_cle_ib,16,0.376
ir_covid19_cle_ib,17,0.6623
ir_covid19_cle_ib,18,0.511
ir_covid19_cle_ib,19,0.4063
ir_covid19_cle_ib,20,0.0044
ir_covid19_cle_ib,21,0.4553
ir_covid19_cle_ib,22,0.127
ir_covid19_cle_ib,23,0.438
ir_covid19_cle_ib,24,0.127
ir_covid19_cle_ib,25,0.0646
ir_covid19_cle_ib,26,0.4839
ir_covid19_cle_ib,27,0.9551
ir_covid19_cle_ib,28,0.8642
ir_covid19_cle_ib,29,0.8329
ir_covid19_cle_ib,30,0.9999
irc_entrez,1,0.583
irc_entrez,2,0
irc_entrez,3,0.6934
irc_entrez,4,0
irc_entrez,5,0.0625
irc_entrez,6,0.7348
irc_entrez,7,0.0156
irc_entrez,8,0.8907
irc_entrez,9,0.1901
irc_entrez,10,0.8616
irc_entrez,11,0.2676
irc_entrez,12,0.9194
irc_entrez,13,0.1563
irc_entrez,14,0.5968
irc_entrez,15,0.5
irc_entrez,16,0.4502
irc_entrez,17,0.3849
irc_entrez,18,0.8096
irc_entrez,19,0.2659
irc_entrez,20,0.0176
irc_entrez,21,9e-04
irc_entrez,22,0
irc_entrez,23,1e-04
irc_entrez,24,0
irc_entrez,25,0
irc_entrez,26,0.626
irc_entrez,27,0.6256
irc_entrez,28,0.8696
irc_entrez,29,0.8449
irc_entrez,30,0.9385
irc_pmc,1,0.8203
irc_pmc,2,0
irc_pmc,3,0.758
irc_pmc,4,0
irc_pmc,5,2e-04
irc_pmc,6,0.9669
irc_pmc,7,3e-04
irc_pmc,8,0.8789
irc_pmc,9,0.0867
irc_pmc,10,0.4988
irc_pmc,11,0.1589
irc_pmc,12,0.5721
irc_pmc,13,0.3752
irc_pmc,14,0.6902
irc_pmc,15,0.0156
irc_pmc,16,0.1748
irc_pmc,17,0.4141
irc_pmc,18,0.9243
irc_pmc,19,0.0093
irc_pmc,20,0.0314
irc_pmc,21,0.502
irc_pmc,22,0.125
irc_pmc,23,0.0156
irc_pmc,24,5e-04
irc_pmc,25,0
irc_pmc,26,0.6876
irc_pmc,27,0.5001
irc_pmc,28,0.4889
irc_pmc,29,0.8787
irc_pmc,30,0.6317
irc_pubmed,1,0.9141
irc_pubmed,2,0.125
irc_pubmed,3,0.916
irc_pubmed,4,0
irc_pubmed,5,0.5
irc_pubmed,6,0.9961
irc_pubmed,7,0.25
irc_pubmed,8,0.879
irc_pubmed,9,0.0314
irc_pubmed,10,0.993
irc_pubmed,11,0.625
irc_pubmed,12,0.8706
irc_pubmed,13,0.2656
irc_pubmed,14,0.8308
irc_pubmed,15,0.2501
irc_pubmed,16,0.3753
irc_pubmed,17,0.6027
irc_pubmed,18,0.9924
irc_pubmed,19,0.508
irc_pubmed,20,0.126
irc_pubmed,21,0.25
irc_pubmed,22,0.0156
irc_pubmed,23,1e-04
irc_pubmed,24,0
irc_pubmed,25,0
irc_pubmed,26,0.3906
irc_pubmed,27,0.2522
irc_pubmed,28,0.464
irc_pubmed,29,0.9708
irc_pubmed,30,0.2737
ixa-ir-filter-narr,1,0.7534
ixa-ir-filter-narr,2,0.6929
ixa-ir-filter-narr,3,0.1114
ixa-ir-filter-narr,4,0.5625
ixa-ir-filter-narr,5,0.002
ixa-ir-filter-narr,6,0.032
ixa-ir-filter-narr,7,0
ixa-ir-filter-narr,8,0.75
ixa-ir-filter-narr,9,0.0039
ixa-ir-filter-narr,10,0.998
ixa-ir-filter-narr,11,0.375
ixa-ir-filter-narr,12,0.1425
ixa-ir-filter-narr,13,0.0325
ixa-ir-filter-narr,14,0.3165
ixa-ir-filter-narr,15,0.2501
ixa-ir-filter-narr,16,0.5921
ixa-ir-filter-narr,17,0.922
ixa-ir-filter-narr,18,0.6025
ixa-ir-filter-narr,19,0
ixa-ir-filter-narr,20,0.6895
ixa-ir-filter-narr,21,0.8855
ixa-ir-filter-narr,22,0.3497
ixa-ir-filter-narr,23,1e-04
ixa-ir-filter-narr,24,0.3209
ixa-ir-filter-narr,25,0.2735
ixa-ir-filter-narr,26,0.0078
ixa-ir-filter-narr,27,0
ixa-ir-filter-narr,28,0.6936
ixa-ir-filter-narr,29,0.898
ixa-ir-filter-narr,30,0.5898
ixa-ir-filter-query,1,0.3446
ixa-ir-filter-query,2,0.3795
ixa-ir-filter-query,3,0.1018
ixa-ir-filter-query,4,1e-04
ixa-ir-filter-query,5,0.4536
ixa-ir-filter-query,6,0.8627
ixa-ir-filter-query,7,0.0329
ixa-ir-filter-query,8,0.2813
ixa-ir-filter-query,9,0.8519
ixa-ir-filter-query,10,0.8749
ixa-ir-filter-query,11,0.0039
ixa-ir-filter-query,12,0.5555
ixa-ir-filter-query,13,0.3086
ixa-ir-filter-query,14,0.8282
ixa-ir-filter-query,15,0.9375
ixa-ir-filter-query,16,0.1174
ixa-ir-filter-query,17,0.8727
ixa-ir-filter-query,18,0.9776
ixa-ir-filter-query,19,1e-04
ixa-ir-filter-query,20,0.7284
ixa-ir-filter-query,21,0.7142
ixa-ir-filter-query,22,0.6276
ixa-ir-filter-query,23,0.4347
ixa-ir-filter-query,24,0.9682
ixa-ir-filter-query,25,0.5575
ixa-ir-filter-query,26,0.8711
ixa-ir-filter-query,27,0.9436
ixa-ir-filter-query,28,0.4335
ixa-ir-filter-query,29,0.9922
ixa-ir-filter-query,30,0.9746
ixa-ir-filter-quest,1,0.131
ixa-ir-filter-quest,2,0.0078
ixa-ir-filter-quest,3,0.0364
ixa-ir-filter-quest,4,0.006
ixa-ir-filter-quest,5,0.8584
ixa-ir-filter-quest,6,0.1888
ixa-ir-filter-quest,7,0.5411
ixa-ir-filter-quest,8,0.1484
ixa-ir-filter-quest,9,0.3052
ixa-ir-filter-quest,10,0.9822
ixa-ir-filter-quest,11,0.274
ixa-ir-filter-quest,12,0.5879
ixa-ir-filter-quest,13,0.8657
ixa-ir-filter-quest,14,0.8126
ixa-ir-filter-quest,15,0.2549
ixa-ir-filter-quest,16,0.25
ixa-ir-filter-quest,17,0.6054
ixa-ir-filter-quest,18,0.3832
ixa-ir-filter-quest,19,0.5005
ixa-ir-filter-quest,20,0.7408
ixa-ir-filter-quest,21,0.1448
ixa-ir-filter-quest,22,0.1469
ixa-ir-filter-quest,23,0.0039
ixa-ir-filter-quest,24,0.9722
ixa-ir-filter-quest,25,0.5557
ixa-ir-filter-quest,26,0.5627
ixa-ir-filter-quest,27,0
ixa-ir-filter-quest,28,0.8673
ixa-ir-filter-quest,29,0.9996
ixa-ir-filter-quest,30,0.9059
jlbase,1,0.8613
jlbase,2,0.5001
jlbase,3,0.2571
jlbase,4,0.125
jlbase,5,0.7086
jlbase,6,0.9773
jlbase,7,0.4034
jlbase,8,0.6875
jlbase,9,0.7656
jlbase,10,1
jlbase,11,0.012
jlbase,12,0.9067
jlbase,13,0.9777
jlbase,14,0.9863
jlbase,15,0.5156
jlbase,16,0.3828
jlbase,17,0.9341
jlbase,18,0.7661
jlbase,19,0.0078
jlbase,20,0.317
jlbase,21,0.8599
jlbase,22,0.5786
jlbase,23,0.1289
jlbase,24,0.8789
jlbase,25,0.0049
jlbase,26,0.8863
jlbase,27,0.6812
jlbase,28,0.9991
jlbase,29,0.9772
jlbase,30,0.9996
poznan_run1,1,0.7633
poznan_run1,2,0.9767
poznan_run1,3,0.8775
poznan_run1,4,0.375
poznan_run1,5,0.9854
poznan_run1,6,0.9889
poznan_run1,7,0.0138
poznan_run1,8,0.0938
poznan_run1,9,0.751
poznan_run1,10,0.9995
poznan_run1,11,0.6602
poznan_run1,12,0.9942
poznan_run1,13,0.8198
poznan_run1,14,0.3218
poznan_run1,15,0.8145
poznan_run1,16,0.7227
poznan_run1,17,0.1193
poznan_run1,18,0.9962
poznan_run1,19,0.9482
poznan_run1,20,0.5081
poznan_run1,21,0.7456
poznan_run1,22,0.9535
poznan_run1,23,0
poznan_run1,24,0
poznan_run1,25,0
poznan_run1,26,0.7954
poznan_run1,27,0.0547
poznan_run1,28,0.9844
poznan_run1,29,0.9688
poznan_run1,30,0.8174
poznan_run2,1,0.9556
poznan_run2,2,0.8067
poznan_run2,3,0.6094
poznan_run2,4,0.375
poznan_run2,5,0.9771
poznan_run2,6,0.9846
poznan_run2,7,0.0363
poznan_run2,8,0.0708
poznan_run2,9,0
poznan_run2,10,0.9995
poznan_run2,11,0.211
poznan_run2,12,0.9942
poznan_run2,13,0.6948
poznan_run2,14,0.3218
poznan_run2,15,0.8135
poznan_run2,16,0.6113
poznan_run2,17,0.1193
poznan_run2,18,0.991
poznan_run2,19,0.9482
poznan_run2,20,0.5098
poznan_run2,21,0.7321
poznan_run2,22,0.9612
poznan_run2,23,0
poznan_run2,24,0
poznan_run2,25,0
poznan_run2,26,0.7955
poznan_run2,27,0.0547
poznan_run2,28,0.9844
poznan_run2,29,0.9531
poznan_run2,30,0.8174
poznan_run3,1,0.7576
poznan_run3,2,0.9737
poznan_run3,3,0.5823
poznan_run3,4,0.1563
poznan_run3,5,0.9941
poznan_run3,6,0.985
poznan_run3,7,0.0652
poznan_run3,8,0.1251
poznan_run3,9,0.5625
poznan_run3,10,0.9999
poznan_run3,11,0.8125
poznan_run3,12,0.9798
poznan_run3,13,0.7979
poznan_run3,14,0.2754
poznan_run3,15,0.8281
poznan_run3,16,0.7192
poznan_run3,17,0.1211
poznan_run3,18,0.9962
poznan_run3,19,0.9502
poznan_run3,20,0.7578
poznan_run3,21,0.4923
poznan_run3,22,0.9409
poznan_run3,23,0
poznan_run3,24,0
poznan_run3,25,0
poznan_run3,26,0.8064
poznan_run3,27,0.0479
poznan_run3,28,0.9844
poznan_run3,29,0.9688
poznan_run3,30,0.8133
run1,1,0.9927
run1,2,0.9809
run1,3,0.9338
run1,4,0.6367
run1,5,0.9993
run1,6,1
run1,7,0.358
run1,8,0.9377
run1,9,0.9805
run1,10,0.9999
run1,11,0.635
run1,12,0.9985
run1,13,0.93
run1,14,0.7539
run1,15,0.2813
run1,16,0.9531
run1,17,0.9819
run1,18,0.74
run1,19,0.5313
run1,20,0.4978
run1,21,0.9998
run1,22,0.9371
run1,23,0.1705
run1,24,0.7495
run1,25,0.9636
run1,26,0.7495
run1,27,0.8742
run1,28,0.9985
run1,29,0.9997
run1,30,0.9921
run2,1,0.8365
run2,2,0.9668
run2,3,0.7471
run2,4,0.9773
run2,5,0.9355
run2,6,0.8437
run2,7,0.8021
run2,8,0.6025
run2,9,0.9922
run2,10,0.9995
run2,11,0.7211
run2,12,0.3882
run2,13,0.82
run2,14,0.5
run2,15,0.2503
run2,16,0.9961
run2,17,0.9782
run2,18,0.9171
run2,19,0.5703
run2,20,0.499
run2,21,0.0083
run2,22,0.8588
run2,23,0.0289
run2,24,0.7187
run2,25,0.6102
run2,26,0.7226
run2,27,0.863
run2,28,0.9999
run2,29,0.9994
run2,30,0.9841
run3,1,0.9962
run3,2,0.2009
run3,3,0.8536
run3,4,0.9427
run3,5,0.8972
run3,6,0.9832
run3,7,0.304
run3,8,0.7819
run3,9,0.9147
run3,10,0.9999
run3,11,0.766
run3,12,0.8719
run3,13,0.4881
run3,14,0.125
run3,15,0.2813
run3,16,0.9141
run3,17,0.9819
run3,18,0.74
run3,19,0.6875
run3,20,0.4975
run3,21,0.9998
run3,22,0.9253
run3,23,0.1692
run3,24,0.7495
run3,25,0.7007
run3,26,0.8104
run3,27,0.8742
run3,28,0.9985
run3,29,0.9953
run3,30,0.9921
sab20.1.blind,1,0.7031
sab20.1.blind,2,0.9922
sab20.1.blind,3,0.5029
sab20.1.blind,4,0.2031
sab20.1.blind,5,0.063
sab20.1.blind,6,0.586
sab20.1.blind,7,0.0161
sab20.1.blind,8,0.2813
sab20.1.blind,9,0
sab20.1.blind,10,0.3016
sab20.1.blind,11,0.209
sab20.1.blind,12,0.4922
sab20.1.blind,13,0.0782
sab20.1.blind,14,0.626
sab20.1.blind,15,0.4624
sab20.1.blind,16,0.9931
sab20.1.blind,17,0.7463
sab20.1.blind,18,0.6953
sab20.1.blind,19,0.0479
sab20.1.blind,20,0.9977
sab20.1.blind,21,0.0274
sab20.1.blind,22,0.9436
sab20.1.blind,23,0.852
sab20.1.blind,24,0.9768
sab20.1.blind,25,0.754
sab20.1.blind,26,0.0313
sab20.1.blind,27,0.9934
sab20.1.blind,28,0.9484
sab20.1.blind,29,0.8943
sab20.1.blind,30,0.9798
sab20.1.merged,1,0.9819
sab20.1.merged,2,0.9802
sab20.1.merged,3,0.5789
sab20.1.merged,4,0.6719
sab20.1.merged,5,0.0111
sab20.1.merged,6,0.7874
sab20.1.merged,7,0.6106
sab20.1.merged,8,0.0044
sab20.1.merged,9,0.0024
sab20.1.merged,10,0.4909
sab20.1.merged,11,0.2212
sab20.1.merged,12,0.9599
sab20.1.merged,13,0.2703
sab20.1.merged,14,0.2614
sab20.1.merged,15,0.9972
sab20.1.merged,16,0.9992
sab20.1.merged,17,0.9984
sab20.1.merged,18,0.7171
sab20.1.merged,19,0.3816
sab20.1.merged,20,0.9982
sab20.1.merged,21,0.7913
sab20.1.merged,22,0.7438
sab20.1.merged,23,0.6996
sab20.1.merged,24,0.9993
sab20.1.merged,25,0.7115
sab20.1.merged,26,0.1505
sab20.1.merged,27,0.988
sab20.1.merged,28,0.8735
sab20.1.merged,29,0.669
sab20.1.merged,30,0.949
sab20.1.meta.docs,1,0.9838
sab20.1.meta.docs,2,0.9635
sab20.1.meta.docs,3,0.1794
sab20.1.meta.docs,4,0.785
sab20.1.meta.docs,5,0.9763
sab20.1.meta.docs,6,0.9989
sab20.1.meta.docs,7,0.8527
sab20.1.meta.docs,8,0.0324
sab20.1.meta.docs,9,0.2617
sab20.1.meta.docs,10,1
sab20.1.meta.docs,11,0.8594
sab20.1.meta.docs,12,0.9994
sab20.1.meta.docs,13,0.9954
sab20.1.meta.docs,14,0.368
sab20.1.meta.docs,15,0.9925
sab20.1.meta.docs,16,0.4325
sab20.1.meta.docs,17,0.9823
sab20.1.meta.docs,18,0.8701
sab20.1.meta.docs,19,0.2439
sab20.1.meta.docs,20,0.6875
sab20.1.meta.docs,21,1
sab20.1.meta.docs,22,0.9988
sab20.1.meta.docs,23,0.925
sab20.1.meta.docs,24,0.5656
sab20.1.meta.docs,25,0.0957
sab20.1.meta.docs,26,0.7495
sab20.1.meta.docs,27,0.99
sab20.1.meta.docs,28,0.9999
sab20.1.meta.docs,29,0.9984
sab20.1.meta.docs,30,0.9997
sheikh_bm25_all,1,0.9986
sheikh_bm25_all,2,0.1299
sheikh_bm25_all,3,4e-04
sheikh_bm25_all,4,0.8792
sheikh_bm25_all,5,0.992
sheikh_bm25_all,6,0.1353
sheikh_bm25_all,7,0.9222
sheikh_bm25_all,8,0.0244
sheikh_bm25_all,9,0
sheikh_bm25_all,10,0.7327
sheikh_bm25_all,11,0.2256
sheikh_bm25_all,12,0.9969
sheikh_bm25_all,13,0.9617
sheikh_bm25_all,14,0.0088
sheikh_bm25_all,15,0.1798
sheikh_bm25_all,16,0.6895
sheikh_bm25_all,17,0.9078
sheikh_bm25_all,18,0.3649
sheikh_bm25_all,19,0.063
sheikh_bm25_all,20,0.4727
sheikh_bm25_all,21,0.3623
sheikh_bm25_all,22,0.3753
sheikh_bm25_all,23,0.0948
sheikh_bm25_all,24,0.3911
sheikh_bm25_all,25,0.0674
sheikh_bm25_all,26,0.4459
sheikh_bm25_all,27,0.25
sheikh_bm25_all,28,0.1329
sheikh_bm25_all,29,0.2682
sheikh_bm25_all,30,0.2189
sheikh_bm25_manual,1,0.8717
sheikh_bm25_manual,2,0.8477
sheikh_bm25_manual,3,0.3896
sheikh_bm25_manual,4,0.3867
sheikh_bm25_manual,5,0.7318
sheikh_bm25_manual,6,0.8145
sheikh_bm25_manual,7,0.2503
sheikh_bm25_manual,8,0.6097
sheikh_bm25_manual,9,0.9766
sheikh_bm25_manual,10,1
sheikh_bm25_manual,11,0.8987
sheikh_bm25_manual,12,0.9355
sheikh_bm25_manual,13,0.4767
sheikh_bm25_manual,14,0.8582
sheikh_bm25_manual,15,0.9668
sheikh_bm25_manual,16,0.4426
sheikh_bm25_manual,17,0.7491
sheikh_bm25_manual,18,0.8465
sheikh_bm25_manual,19,0.002
sheikh_bm25_manual,20,0.9542
sheikh_bm25_manual,21,0.9904
sheikh_bm25_manual,22,0.9879
sheikh_bm25_manual,23,0.7961
sheikh_bm25_manual,24,0.9657
sheikh_bm25_manual,25,0.8621
sheikh_bm25_manual,26,0.9891
sheikh_bm25_manual,27,0.6724
sheikh_bm25_manual,28,0.6873
sheikh_bm25_manual,29,0.9794
sheikh_bm25_manual,30,0.9958
smith.bm25,1,0.2406
smith.bm25,2,0.4614
smith.bm25,3,0.375
smith.bm25,4,0.001
smith.bm25,5,0.5034
smith.bm25,6,0.4327
smith.bm25,7,0.0079
smith.bm25,8,0.5
smith.bm25,9,0.9308
smith.bm25,10,0.9979
smith.bm25,11,0.1956
smith.bm25,12,0.9976
smith.bm25,13,0.5784
smith.bm25,14,0.7242
smith.bm25,15,0.1565
smith.bm25,16,0.0059
smith.bm25,17,0.9985
smith.bm25,18,0.6961
smith.bm25,19,0.5098
smith.bm25,20,0.2266
smith.bm25,21,0.4789
smith.bm25,22,0.8672
smith.bm25,23,0.4326
smith.bm25,24,0.9402
smith.bm25,25,0.1254
smith.bm25,26,0.5788
smith.bm25,27,0.8242
smith.bm25,28,0.9373
smith.bm25,29,0.7055
smith.bm25,30,0.9999
smith.ql,1,0.323
smith.ql,2,0.5982
smith.ql,3,0.0938
smith.ql,4,0
smith.ql,5,0.252
smith.ql,6,0.9311
smith.ql,7,0.1075
smith.ql,8,0.3284
smith.ql,9,0.7271
smith.ql,10,0.9998
smith.ql,11,0.3755
smith.ql,12,0.9684
smith.ql,13,0.877
smith.ql,14,0.7387
smith.ql,15,0.2747
smith.ql,16,0.1604
smith.ql,17,0.9674
smith.ql,18,0.7401
smith.ql,19,0.2514
smith.ql,20,0.0472
smith.ql,21,0.4576
smith.ql,22,0.9556
smith.ql,23,0.4346
smith.ql,24,0.9072
smith.ql,25,0.2188
smith.ql,26,0.8752
smith.ql,27,0.7654
smith.ql,28,0.9062
smith.ql,29,0.7963
smith.ql,30,0.9998
smith.rm3,1,0.4862
smith.rm3,2,0.7403
smith.rm3,3,0.1254
smith.rm3,4,0.127
smith.rm3,5,0
smith.rm3,6,0.9927
smith.rm3,7,0.7948
smith.rm3,8,0.3772
smith.rm3,9,0.4269
smith.rm3,10,1
smith.rm3,11,0.6877
smith.rm3,12,0.5963
smith.rm3,13,0.9257
smith.rm3,14,0.471
smith.rm3,15,0.6584
smith.rm3,16,0.5273
smith.rm3,17,0.9883
smith.rm3,18,0.9947
smith.rm3,19,0.1388
smith.rm3,20,0.2556
smith.rm3,21,0.4474
smith.rm3,22,0.7248
smith.rm3,23,0.9984
smith.rm3,24,0.9981
smith.rm3,25,0.6026
smith.rm3,26,0.4674
smith.rm3,27,0.9056
smith.rm3,28,0.9683
smith.rm3,29,0.9608
smith.rm3,30,0.9935
tcs_ilabs_gg_r1,1,0.7475
tcs_ilabs_gg_r1,2,0.6719
tcs_ilabs_gg_r1,3,0.5039
tcs_ilabs_gg_r1,4,0.8789
tcs_ilabs_gg_r1,5,0.438
tcs_ilabs_gg_r1,6,0.8909
tcs_ilabs_gg_r1,7,0.25
tcs_ilabs_gg_r1,8,0.0078
tcs_ilabs_gg_r1,9,0.0039
tcs_ilabs_gg_r1,10,0.5471
tcs_ilabs_gg_r1,11,0.0081
tcs_ilabs_gg_r1,12,0.6133
tcs_ilabs_gg_r1,13,0.8598
tcs_ilabs_gg_r1,14,0.0079
tcs_ilabs_gg_r1,15,0.5
tcs_ilabs_gg_r1,16,0.1406
tcs_ilabs_gg_r1,17,0.8599
tcs_ilabs_gg_r1,18,0.874
tcs_ilabs_gg_r1,19,0.5625
tcs_ilabs_gg_r1,20,0.1563
tcs_ilabs_gg_r1,21,0.75
tcs_ilabs_gg_r1,22,0.2603
tcs_ilabs_gg_r1,23,1e-04
tcs_ilabs_gg_r1,24,0.0176
tcs_ilabs_gg_r1,25,0.0317
tcs_ilabs_gg_r1,26,0.7164
tcs_ilabs_gg_r1,27,0.8301
tcs_ilabs_gg_r1,28,0.6329
tcs_ilabs_gg_r1,29,0.3716
tcs_ilabs_gg_r1,30,0.407
udel_fang_run1,1,0.8103
udel_fang_run1,2,0.2366
udel_fang_run1,3,2e-04
udel_fang_run1,4,0.0474
udel_fang_run1,5,0.6955
udel_fang_run1,6,0.9616
udel_fang_run1,7,0.3555
udel_fang_run1,8,0.4497
udel_fang_run1,9,0.4455
udel_fang_run1,10,0.9993
udel_fang_run1,11,0.7422
udel_fang_run1,12,0.0229
udel_fang_run1,13,0.8316
udel_fang_run1,14,0.5078
udel_fang_run1,15,0
udel_fang_run1,16,0.4381
udel_fang_run1,17,0.9886
udel_fang_run1,18,0.856
udel_fang_run1,19,0.5082
udel_fang_run1,20,0.9943
udel_fang_run1,21,0.8226
udel_fang_run1,22,0.731
udel_fang_run1,23,0.9587
udel_fang_run1,24,0.9899
udel_fang_run1,25,0.3853
udel_fang_run1,26,0.442
udel_fang_run1,27,0.9389
udel_fang_run1,28,0.4958
udel_fang_run1,29,0.9374
udel_fang_run1,30,0.9844
udel_fang_run2,1,0.9802
udel_fang_run2,2,0.9004
udel_fang_run2,3,0
udel_fang_run2,4,0.8795
udel_fang_run2,5,0.496
udel_fang_run2,6,0.086
udel_fang_run2,7,0.0312
udel_fang_run2,8,0.0156
udel_fang_run2,9,0.0625
udel_fang_run2,10,1
udel_fang_run2,11,0.1331
udel_fang_run2,12,0.9971
udel_fang_run2,13,0.1592
udel_fang_run2,14,0.5166
udel_fang_run2,15,0.2755
udel_fang_run2,16,0.625
udel_fang_run2,17,0.8745
udel_fang_run2,18,0.9571
udel_fang_run2,19,0
udel_fang_run2,20,0.25
udel_fang_run2,21,0.8133
udel_fang_run2,22,0.9688
udel_fang_run2,23,0.7188
udel_fang_run2,24,0.875
udel_fang_run2,25,0.3125
udel_fang_run2,26,0.75
udel_fang_run2,27,5e-04
udel_fang_run2,28,0.9996
udel_fang_run2,29,0.9848
udel_fang_run2,30,1
udel_fang_run3,1,0.9519
udel_fang_run3,2,0.1934
udel_fang_run3,3,0.0313
udel_fang_run3,4,0.5686
udel_fang_run3,5,0.9011
udel_fang_run3,6,0.9802
udel_fang_run3,7,0.8568
udel_fang_run3,8,0.5758
udel_fang_run3,9,0.9207
udel_fang_run3,10,1
udel_fang_run3,11,0.9688
udel_fang_run3,12,0.8749
udel_fang_run3,13,0.6848
udel_fang_run3,14,0.7578
udel_fang_run3,15,0.0078
udel_fang_run3,16,0.7571
udel_fang_run3,17,0.8403
udel_fang_run3,18,0.9661
udel_fang_run3,19,0.4358
udel_fang_run3,20,0.5006
udel_fang_run3,21,0.8001
udel_fang_run3,22,0.9971
udel_fang_run3,23,0.9652
udel_fang_run3,24,0.7101
udel_fang_run3,25,0
udel_fang_run3,26,0.4334
udel_fang_run3,27,0.8553
udel_fang_run3,28,0.999
udel_fang_run3,29,0.9672
udel_fang_run3,30,0.996
uogTrDPH_QE,1,0.9986
uogTrDPH_QE,2,0.8598
uogTrDPH_QE,3,0.0156
uogTrDPH_QE,4,0.5316
uogTrDPH_QE,5,0.6495
uogTrDPH_QE,6,0.4922
uogTrDPH_QE,7,0.293
uogTrDPH_QE,8,0.5078
uogTrDPH_QE,9,0.0708
uogTrDPH_QE,10,0.5
uogTrDPH_QE,11,0.0625
uogTrDPH_QE,12,0.4321
uogTrDPH_QE,13,0.708
uogTrDPH_QE,14,0.7313
uogTrDPH_QE,15,0.9476
uogTrDPH_QE,16,0.8376
uogTrDPH_QE,17,0.9999
uogTrDPH_QE,18,0.9163
uogTrDPH_QE,19,0
uogTrDPH_QE,20,0.9686
uogTrDPH_QE,21,0.7488
uogTrDPH_QE,22,0.9345
uogTrDPH_QE,23,0.4901
uogTrDPH_QE,24,0.9991
uogTrDPH_QE,25,0.7017
uogTrDPH_QE,26,0.61
uogTrDPH_QE,27,0.9683
uogTrDPH_QE,28,0.7494
uogTrDPH_QE,29,0.875
uogTrDPH_QE,30,0.9998
uogTrDPH_QE_QQ,1,0.9986
uogTrDPH_QE_QQ,2,0.8598
uogTrDPH_QE_QQ,3,0.0156
uogTrDPH_QE_QQ,4,0.5316
uogTrDPH_QE_QQ,5,0.6495
uogTrDPH_QE_QQ,6,0.4922
uogTrDPH_QE_QQ,7,0.293
uogTrDPH_QE_QQ,8,0.5078
uogTrDPH_QE_QQ,9,0.0708
uogTrDPH_QE_QQ,10,0.5
uogTrDPH_QE_QQ,11,0.0625
uogTrDPH_QE_QQ,12,0.4321
uogTrDPH_QE_QQ,13,0.708
uogTrDPH_QE_QQ,14,0.7313
uogTrDPH_QE_QQ,15,0.9476
uogTrDPH_QE_QQ,16,0.8376
uogTrDPH_QE_QQ,17,0.9999
uogTrDPH_QE_QQ,18,0.9163
uogTrDPH_QE_QQ,19,0
uogTrDPH_QE_QQ,20,0.9686
uogTrDPH_QE_QQ,21,0.7488
uogTrDPH_QE_QQ,22,0.9345
uogTrDPH_QE_QQ,23,0.4901
uogTrDPH_QE_QQ,24,0.9991
uogTrDPH_QE_QQ,25,0.7017
uogTrDPH_QE_QQ,26,0.61
uogTrDPH_QE_QQ,27,0.9683
uogTrDPH_QE_QQ,28,0.7494
uogTrDPH_QE_QQ,29,0.875
uogTrDPH_QE_QQ,30,0.9998
uogTrDPH_prox_QQ,1,0.8751
uogTrDPH_prox_QQ,2,0.0333
uogTrDPH_prox_QQ,3,0.0079
uogTrDPH_prox_QQ,4,0.25
uogTrDPH_prox_QQ,5,0.9144
uogTrDPH_prox_QQ,6,0.9011
uogTrDPH_prox_QQ,7,0.2612
uogTrDPH_prox_QQ,8,0.1758
uogTrDPH_prox_QQ,9,0.7422
uogTrDPH_prox_QQ,10,0.875
uogTrDPH_prox_QQ,11,0.126
uogTrDPH_prox_QQ,12,0.9764
uogTrDPH_prox_QQ,13,0.925
uogTrDPH_prox_QQ,14,0.9359
uogTrDPH_prox_QQ,15,0.5313
uogTrDPH_prox_QQ,16,0.9527
uogTrDPH_prox_QQ,17,0.9922
uogTrDPH_prox_QQ,18,0.6785
uogTrDPH_prox_QQ,19,5e-04
uogTrDPH_prox_QQ,20,0.9363
uogTrDPH_prox_QQ,21,0.7681
uogTrDPH_prox_QQ,22,0.8588
uogTrDPH_prox_QQ,23,0.9812
uogTrDPH_prox_QQ,24,0.9876
uogTrDPH_prox_QQ,25,0.9512
uogTrDPH_prox_QQ,26,0.6015
uogTrDPH_prox_QQ,27,0.5448
uogTrDPH_prox_QQ,28,0.4685
uogTrDPH_prox_QQ,29,0.9958
uogTrDPH_prox_QQ,30,0.9994
wistud_bing,1,0.9375
wistud_bing,2,0.584
wistud_bing,3,0.5001
wistud_bing,4,0.0313
wistud_bing,5,0.7739
wistud_bing,6,0.9164
wistud_bing,7,0
wistud_bing,8,0.2505
wistud_bing,9,0
wistud_bing,10,0.9536
wistud_bing,11,0
wistud_bing,12,0.7472
wistud_bing,13,0
wistud_bing,14,0.7287
wistud_bing,15,0.8293
wistud_bing,16,0.0156
wistud_bing,17,0.7421
wistud_bing,18,0.9358
wistud_bing,19,0
wistud_bing,20,0.5782
wistud_bing,21,0.6152
wistud_bing,22,0.9971
wistud_bing,23,0
wistud_bing,24,0.9464
wistud_bing,25,0.1877
wistud_bing,26,0.8724
wistud_bing,27,0.75
wistud_bing,28,0.7609
wistud_bing,29,0.5035
wistud_bing,30,0.9501
wistud_indri,1,0.9375
wistud_indri,2,0.584
wistud_indri,3,0.5001
wistud_indri,4,0.0313
wistud_indri,5,0.7739
wistud_indri,6,0.9164
wistud_indri,7,0
wistud_indri,8,0.2505
wistud_indri,9,0
wistud_indri,10,0.9536
wistud_indri,11,0
wistud_indri,12,0.7472
wistud_indri,13,0
wistud_indri,14,0.7287
wistud_indri,15,0.8293
wistud_indri,16,0.0156
wistud_indri,17,0.7421
wistud_indri,18,0.9358
wistud_indri,19,0
wistud_indri,20,0.5782
wistud_indri,21,0.6152
wistud_indri,22,0.9971
wistud_indri,23,0
wistud_indri,24,0.9464
wistud_indri,25,0.1877
wistud_indri,26,0.8724
wistud_indri,27,0.75
wistud_indri,28,0.7609
wistud_indri,29,0.5035
wistud_indri,30,0.9501
wistud_noSearch,1,0.9375
wistud_noSearch,2,0.584
wistud_noSearch,3,0.5001
wistud_noSearch,4,0.0313
wistud_noSearch,5,0.7739
wistud_noSearch,6,0.9164
wistud_noSearch,7,0
wistud_noSearch,8,0.2505
wistud_noSearch,9,0
wistud_noSearch,10,0.9536
wistud_noSearch,11,0
wistud_noSearch,12,0.7472
wistud_noSearch,13,0
wistud_noSearch,14,0.7287
wistud_noSearch,15,0.8293
wistud_noSearch,16,0.0156
wistud_noSearch,17,0.7421
wistud_noSearch,18,0.9358
wistud_noSearch,19,0
wistud_noSearch,20,0.5782
wistud_noSearch,21,0.6152
wistud_noSearch,22,0.9971
wistud_noSearch,23,0
wistud_noSearch,24,0.9464
wistud_noSearch,25,0.1877
wistud_noSearch,26,0.8724
wistud_noSearch,27,0.75
wistud_noSearch,28,0.7609
wistud_noSearch,29,0.5035
wistud_noSearch,30,0.9501
xj4wang_run1,1,0.9393
xj4wang_run1,2,0.9977
xj4wang_run1,3,0.9844
xj4wang_run1,4,0.3203
xj4wang_run1,5,0.8359
xj4wang_run1,6,0.9924
xj4wang_run1,7,0.9022
xj4wang_run1,8,0.4785
xj4wang_run1,9,0.9883
xj4wang_run1,10,0.9881
xj4wang_run1,11,0.9912
xj4wang_run1,12,0.967
xj4wang_run1,13,0.9847
xj4wang_run1,14,0.9938
xj4wang_run1,15,0.9221
xj4wang_run1,16,0.8425
xj4wang_run1,17,0.9842
xj4wang_run1,18,0.9992
xj4wang_run1,19,0.8716
xj4wang_run1,20,0.4995
xj4wang_run1,21,0.9963
xj4wang_run1,22,0.9969
xj4wang_run1,23,0.9034
xj4wang_run1,24,0.9916
xj4wang_run1,25,0.4588
xj4wang_run1,26,0.5567
xj4wang_run1,27,0.9968
xj4wang_run1,28,0.9844
xj4wang_run1,29,0.4922
xj4wang_run1,30,0.6247
